,Year,Month,Departure CPH Country,OnCounty,Destination CPH Country,OffCounty,Count
45467,2021.0,4.0,England,BEDFORDSHIRE,England,NOTTINGHAMSHIRE,6
45469,2021.0,4.0,England,BEDFORDSHIRE,England,WEST MIDLANDS,15
45472,2021.0,4.0,England,BEDFORDSHIRE,Wales,MID GLAMORGAN,40
45473,2021.0,4.0,England,BERKSHIRE,England,AVON,42
45477,2021.0,4.0,England,BERKSHIRE,England,CHESHIRE,7
45478,2021.0,4.0,England,BERKSHIRE,England,DEVON,6
45479,2021.0,4.0,England,BERKSHIRE,England,DORSET,6
45481,2021.0,4.0,England,BERKSHIRE,England,GLOUCESTERSHIRE,125
45483,2021.0,4.0,England,BERKSHIRE,England,HEREFORD & WORCESTER,17
45485,2021.0,4.0,England,BERKSHIRE,England,SOMERSET,31
45486,2021.0,4.0,England,BERKSHIRE,England,SOUTH YORKSHIRE,5
45487,2021.0,4.0,England,BERKSHIRE,England,STAFFORDSHIRE,1
45489,2021.0,4.0,England,BERKSHIRE,England,WARWICKSHIRE,29
45491,2021.0,4.0,England,BERKSHIRE,England,WILTSHIRE,6
45493,2021.0,4.0,England,BERKSHIRE,Scotland,STRATHCLYDE,3
45494,2021.0,4.0,England,BERKSHIRE,Wales,MID GLAMORGAN,32
45495,2021.0,4.0,England,BUCKINGHAMSHIRE,England,AVON,8
45500,2021.0,4.0,England,BUCKINGHAMSHIRE,England,CHESHIRE,29
45501,2021.0,4.0,England,BUCKINGHAMSHIRE,England,DERBYSHIRE,4
45502,2021.0,4.0,England,BUCKINGHAMSHIRE,England,DEVON,1
45503,2021.0,4.0,England,BUCKINGHAMSHIRE,England,GLOUCESTERSHIRE,9
45506,2021.0,4.0,England,BUCKINGHAMSHIRE,England,HEREFORD & WORCESTER,6
45508,2021.0,4.0,England,BUCKINGHAMSHIRE,England,LANCASHIRE,5
45513,2021.0,4.0,England,BUCKINGHAMSHIRE,England,NORTH YORKSHIRE,44
45514,2021.0,4.0,England,BUCKINGHAMSHIRE,England,NOTTINGHAMSHIRE,2
45516,2021.0,4.0,England,BUCKINGHAMSHIRE,England,SHROPSHIRE,22
45517,2021.0,4.0,England,BUCKINGHAMSHIRE,England,SOUTH YORKSHIRE,14
45518,2021.0,4.0,England,BUCKINGHAMSHIRE,England,STAFFORDSHIRE,2
45520,2021.0,4.0,England,BUCKINGHAMSHIRE,England,WARWICKSHIRE,43
45521,2021.0,4.0,England,BUCKINGHAMSHIRE,England,WEST MIDLANDS,1
45522,2021.0,4.0,England,BUCKINGHAMSHIRE,England,WEST YORKSHIRE,17
45524,2021.0,4.0,England,BUCKINGHAMSHIRE,Wales,GWYNEDD,1
45525,2021.0,4.0,England,BUCKINGHAMSHIRE,Wales,MID GLAMORGAN,504
45526,2021.0,4.0,England,BUCKINGHAMSHIRE,Wales,POWYS,2
45530,2021.0,4.0,England,CAMBRIDGESHIRE,England,CUMBRIA,3
45532,2021.0,4.0,England,CAMBRIDGESHIRE,England,GLOUCESTERSHIRE,11
45538,2021.0,4.0,England,CAMBRIDGESHIRE,England,NOTTINGHAMSHIRE,22
45540,2021.0,4.0,England,CAMBRIDGESHIRE,England,SHROPSHIRE,36
45541,2021.0,4.0,England,CAMBRIDGESHIRE,England,STAFFORDSHIRE,10
45545,2021.0,4.0,England,CAMBRIDGESHIRE,Scotland,LOTHIAN,3
45546,2021.0,4.0,England,CAMBRIDGESHIRE,Wales,MID GLAMORGAN,32
45791,2021.0,4.0,England,EAST SUSSEX,England,AVON,4
45794,2021.0,4.0,England,EAST SUSSEX,England,CHESHIRE,1
45795,2021.0,4.0,England,EAST SUSSEX,England,DEVON,2
45796,2021.0,4.0,England,EAST SUSSEX,England,DORSET,2
45799,2021.0,4.0,England,EAST SUSSEX,England,GLOUCESTERSHIRE,30
45804,2021.0,4.0,England,EAST SUSSEX,England,SOMERSET,505
45805,2021.0,4.0,England,EAST SUSSEX,England,STAFFORDSHIRE,2
45810,2021.0,4.0,England,EAST SUSSEX,Wales,MID GLAMORGAN,423
45811,2021.0,4.0,England,EAST SUSSEX,Wales,POWYS,1
45812,2021.0,4.0,England,ESSEX,England,AVON,1
45819,2021.0,4.0,England,ESSEX,England,GREATER MANCHESTER,7
45828,2021.0,4.0,England,ESSEX,England,SHROPSHIRE,1
45829,2021.0,4.0,England,ESSEX,England,SOUTH YORKSHIRE,22
45832,2021.0,4.0,England,ESSEX,England,WARWICKSHIRE,5
45834,2021.0,4.0,England,ESSEX,Wales,MID GLAMORGAN,16
45894,2021.0,4.0,England,HAMPSHIRE,England,AVON,160
45898,2021.0,4.0,England,HAMPSHIRE,England,DERBYSHIRE,2
45899,2021.0,4.0,England,HAMPSHIRE,England,DEVON,36
45900,2021.0,4.0,England,HAMPSHIRE,England,DORSET,13
45901,2021.0,4.0,England,HAMPSHIRE,England,GLOUCESTERSHIRE,92
45903,2021.0,4.0,England,HAMPSHIRE,England,HEREFORD & WORCESTER,78
45904,2021.0,4.0,England,HAMPSHIRE,England,ISLE OF WIGHT,92
45907,2021.0,4.0,England,HAMPSHIRE,England,NOTTINGHAMSHIRE,33
45909,2021.0,4.0,England,HAMPSHIRE,England,SHROPSHIRE,5
45910,2021.0,4.0,England,HAMPSHIRE,England,SOMERSET,318
45912,2021.0,4.0,England,HAMPSHIRE,England,WILTSHIRE,940
45914,2021.0,4.0,England,HAMPSHIRE,Wales,MID GLAMORGAN,12
45964,2021.0,4.0,England,HERTFORDSHIRE,England,NORTH YORKSHIRE,4
45966,2021.0,4.0,England,HERTFORDSHIRE,England,SHROPSHIRE,2
45967,2021.0,4.0,England,HERTFORDSHIRE,England,SOUTH YORKSHIRE,8
45970,2021.0,4.0,England,HERTFORDSHIRE,Scotland,DUMFRIES & GALLOWAY,1
45971,2021.0,4.0,England,HERTFORDSHIRE,Scotland,GRAMPIAN,1
45972,2021.0,4.0,England,HERTFORDSHIRE,Wales,POWYS,2
45973,2021.0,4.0,England,HUMBERSIDE,England,CUMBRIA,10
45974,2021.0,4.0,England,HUMBERSIDE,England,DERBYSHIRE,2
45975,2021.0,4.0,England,HUMBERSIDE,England,DURHAM,71
45976,2021.0,4.0,England,HUMBERSIDE,England,GLOUCESTERSHIRE,58
45977,2021.0,4.0,England,HUMBERSIDE,England,GREATER MANCHESTER,33
45979,2021.0,4.0,England,HUMBERSIDE,England,LANCASHIRE,91
45982,2021.0,4.0,England,HUMBERSIDE,England,NORTHUMBERLAND,3
45983,2021.0,4.0,England,HUMBERSIDE,England,NORTH YORKSHIRE,"1,840"
45984,2021.0,4.0,England,HUMBERSIDE,England,NOTTINGHAMSHIRE,96
45985,2021.0,4.0,England,HUMBERSIDE,England,SOUTH YORKSHIRE,150
45986,2021.0,4.0,England,HUMBERSIDE,England,WARWICKSHIRE,60
45987,2021.0,4.0,England,HUMBERSIDE,England,WEST YORKSHIRE,59
45989,2021.0,4.0,England,HUMBERSIDE,Wales,DYFED,2
46000,2021.0,4.0,England,KENT,England,AVON,5
46005,2021.0,4.0,England,KENT,England,CORNWALL,2
46006,2021.0,4.0,England,KENT,England,DEVON,116
46007,2021.0,4.0,England,KENT,England,DURHAM,194
46010,2021.0,4.0,England,KENT,England,GLOUCESTERSHIRE,9
46012,2021.0,4.0,England,KENT,England,GREATER MANCHESTER,71
46020,2021.0,4.0,England,KENT,England,NORTHUMBERLAND,6
46021,2021.0,4.0,England,KENT,England,NORTH YORKSHIRE,42
46023,2021.0,4.0,England,KENT,England,SOMERSET,126
46024,2021.0,4.0,England,KENT,England,SOUTH YORKSHIRE,11
46027,2021.0,4.0,England,KENT,England,WEST MIDLANDS,1
46030,2021.0,4.0,England,KENT,Scotland,GRAMPIAN,46
46067,2021.0,4.0,England,LEICESTERSHIRE,England,AVON,33
46072,2021.0,4.0,England,LEICESTERSHIRE,England,CHESHIRE,10
46073,2021.0,4.0,England,LEICESTERSHIRE,England,CUMBRIA,1
46074,2021.0,4.0,England,LEICESTERSHIRE,England,DERBYSHIRE,178
46075,2021.0,4.0,England,LEICESTERSHIRE,England,DURHAM,3
46077,2021.0,4.0,England,LEICESTERSHIRE,England,GLOUCESTERSHIRE,7
46078,2021.0,4.0,England,LEICESTERSHIRE,England,GREATER MANCHESTER,34
46079,2021.0,4.0,England,LEICESTERSHIRE,England,HEREFORD & WORCESTER,41
46081,2021.0,4.0,England,LEICESTERSHIRE,England,LANCASHIRE,187
46086,2021.0,4.0,England,LEICESTERSHIRE,England,NORTH YORKSHIRE,548
46087,2021.0,4.0,England,LEICESTERSHIRE,England,NOTTINGHAMSHIRE,228
46089,2021.0,4.0,England,LEICESTERSHIRE,England,SHROPSHIRE,39
46090,2021.0,4.0,England,LEICESTERSHIRE,England,SOUTH YORKSHIRE,263
46091,2021.0,4.0,England,LEICESTERSHIRE,England,STAFFORDSHIRE,260
46094,2021.0,4.0,England,LEICESTERSHIRE,England,WARWICKSHIRE,467
46095,2021.0,4.0,England,LEICESTERSHIRE,England,WEST MIDLANDS,25
46096,2021.0,4.0,England,LEICESTERSHIRE,England,WEST YORKSHIRE,18
46098,2021.0,4.0,England,LEICESTERSHIRE,Scotland,STRATHCLYDE,41
46099,2021.0,4.0,England,LEICESTERSHIRE,Wales,DYFED,2
46100,2021.0,4.0,England,LEICESTERSHIRE,Wales,GWYNEDD,1
46101,2021.0,4.0,England,LEICESTERSHIRE,Wales,MID GLAMORGAN,190
46102,2021.0,4.0,England,LEICESTERSHIRE,Wales,WEST GLAMORGAN,9
46106,2021.0,4.0,England,LINCOLNSHIRE,England,CHESHIRE,19
46107,2021.0,4.0,England,LINCOLNSHIRE,England,CORNWALL,1
46108,2021.0,4.0,England,LINCOLNSHIRE,England,DERBYSHIRE,46
46109,2021.0,4.0,England,LINCOLNSHIRE,England,DURHAM,201
46112,2021.0,4.0,England,LINCOLNSHIRE,England,GREATER MANCHESTER,11
46113,2021.0,4.0,England,LINCOLNSHIRE,England,HEREFORD & WORCESTER,1
46115,2021.0,4.0,England,LINCOLNSHIRE,England,ISLE OF WIGHT,3
46116,2021.0,4.0,England,LINCOLNSHIRE,England,LANCASHIRE,50
46121,2021.0,4.0,England,LINCOLNSHIRE,England,NORTHUMBERLAND,8
46122,2021.0,4.0,England,LINCOLNSHIRE,England,NORTH YORKSHIRE,247
46123,2021.0,4.0,England,LINCOLNSHIRE,England,NOTTINGHAMSHIRE,44
46124,2021.0,4.0,England,LINCOLNSHIRE,England,SHROPSHIRE,8
46125,2021.0,4.0,England,LINCOLNSHIRE,England,SOUTH YORKSHIRE,278
46126,2021.0,4.0,England,LINCOLNSHIRE,England,STAFFORDSHIRE,16
46129,2021.0,4.0,England,LINCOLNSHIRE,England,WARWICKSHIRE,10
46130,2021.0,4.0,England,LINCOLNSHIRE,England,WEST MIDLANDS,11
46131,2021.0,4.0,England,LINCOLNSHIRE,England,WEST YORKSHIRE,9
46133,2021.0,4.0,England,LINCOLNSHIRE,Scotland,BORDERS,24
46134,2021.0,4.0,England,LINCOLNSHIRE,Scotland,CENTRAL,40
46135,2021.0,4.0,England,LINCOLNSHIRE,Scotland,DUMFRIES & GALLOWAY,84
46136,2021.0,4.0,England,LINCOLNSHIRE,Wales,MID GLAMORGAN,30
46150,2021.0,4.0,England,NORFOLK,England,DURHAM,14
46152,2021.0,4.0,England,NORFOLK,England,GREATER MANCHESTER,20
46153,2021.0,4.0,England,NORFOLK,England,HEREFORD & WORCESTER,1
46156,2021.0,4.0,England,NORFOLK,England,LANCASHIRE,208
46161,2021.0,4.0,England,NORFOLK,England,NORTH YORKSHIRE,82
46162,2021.0,4.0,England,NORFOLK,England,NOTTINGHAMSHIRE,51
46163,2021.0,4.0,England,NORFOLK,England,SOUTH YORKSHIRE,95
46166,2021.0,4.0,England,NORFOLK,England,WARWICKSHIRE,1
46168,2021.0,4.0,England,NORFOLK,Scotland,DUMFRIES & GALLOWAY,29
46169,2021.0,4.0,England,NORFOLK,Wales,MID GLAMORGAN,76
46171,2021.0,4.0,England,NORTHAMPTONSHIRE,England,AVON,1
46176,2021.0,4.0,England,NORTHAMPTONSHIRE,England,CHESHIRE,1
46177,2021.0,4.0,England,NORTHAMPTONSHIRE,England,CORNWALL,12
46178,2021.0,4.0,England,NORTHAMPTONSHIRE,England,CUMBRIA,43
46180,2021.0,4.0,England,NORTHAMPTONSHIRE,England,HEREFORD & WORCESTER,1
46183,2021.0,4.0,England,NORTHAMPTONSHIRE,England,LANCASHIRE,3
46188,2021.0,4.0,England,NORTHAMPTONSHIRE,England,NOTTINGHAMSHIRE,1
46190,2021.0,4.0,England,NORTHAMPTONSHIRE,England,SHROPSHIRE,139
46191,2021.0,4.0,England,NORTHAMPTONSHIRE,England,SOMERSET,7
46192,2021.0,4.0,England,NORTHAMPTONSHIRE,England,SOUTH YORKSHIRE,43
46193,2021.0,4.0,England,NORTHAMPTONSHIRE,England,STAFFORDSHIRE,15
46196,2021.0,4.0,England,NORTHAMPTONSHIRE,England,WARWICKSHIRE,97
46198,2021.0,4.0,England,NORTHAMPTONSHIRE,Wales,MID GLAMORGAN,60
46293,2021.0,4.0,England,OXFORDSHIRE,England,AVON,20
46297,2021.0,4.0,England,OXFORDSHIRE,England,CHESHIRE,20
46298,2021.0,4.0,England,OXFORDSHIRE,England,DEVON,84
46301,2021.0,4.0,England,OXFORDSHIRE,England,GLOUCESTERSHIRE,105
46303,2021.0,4.0,England,OXFORDSHIRE,England,HEREFORD & WORCESTER,215
46308,2021.0,4.0,England,OXFORDSHIRE,England,NORTH YORKSHIRE,80
46310,2021.0,4.0,England,OXFORDSHIRE,England,SHROPSHIRE,40
46311,2021.0,4.0,England,OXFORDSHIRE,England,SOMERSET,59
46312,2021.0,4.0,England,OXFORDSHIRE,England,SOUTH YORKSHIRE,51
46313,2021.0,4.0,England,OXFORDSHIRE,England,STAFFORDSHIRE,75
46316,2021.0,4.0,England,OXFORDSHIRE,England,WARWICKSHIRE,173
46317,2021.0,4.0,England,OXFORDSHIRE,England,WILTSHIRE,60
46319,2021.0,4.0,England,OXFORDSHIRE,Scotland,CENTRAL,12
46320,2021.0,4.0,England,OXFORDSHIRE,Wales,MID GLAMORGAN,142
46473,2021.0,4.0,England,SUFFOLK,England,CHESHIRE,1
46476,2021.0,4.0,England,SUFFOLK,England,HEREFORD & WORCESTER,3
46478,2021.0,4.0,England,SUFFOLK,England,LANCASHIRE,27
46483,2021.0,4.0,England,SUFFOLK,England,NORTH YORKSHIRE,10
46484,2021.0,4.0,England,SUFFOLK,England,SHROPSHIRE,5
46485,2021.0,4.0,England,SUFFOLK,England,SOUTH YORKSHIRE,24
46488,2021.0,4.0,England,SUFFOLK,England,WARWICKSHIRE,4
46490,2021.0,4.0,England,SUFFOLK,Wales,MID GLAMORGAN,29
46492,2021.0,4.0,England,SURREY,England,CORNWALL,1
46493,2021.0,4.0,England,SURREY,England,DEVON,12
46494,2021.0,4.0,England,SURREY,England,DORSET,1
46497,2021.0,4.0,England,SURREY,England,HEREFORD & WORCESTER,3
46502,2021.0,4.0,England,SURREY,England,NORTH YORKSHIRE,8
46506,2021.0,4.0,England,SURREY,England,WILTSHIRE,15
46508,2021.0,4.0,England,SURREY,Wales,DYFED,10
46509,2021.0,4.0,England,SURREY,Wales,MID GLAMORGAN,40
46571,2021.0,4.0,England,WEST SUSSEX,England,AVON,1
46578,2021.0,4.0,England,WEST SUSSEX,England,NORTHUMBERLAND,2
46580,2021.0,4.0,England,WEST SUSSEX,England,SHROPSHIRE,38
46581,2021.0,4.0,England,WEST SUSSEX,England,SOMERSET,239
46583,2021.0,4.0,England,WEST SUSSEX,England,WARWICKSHIRE,2
46585,2021.0,4.0,England,WEST SUSSEX,England,WILTSHIRE,10
46588,2021.0,4.0,England,WEST SUSSEX,Wales,CLWYD,32
46589,2021.0,4.0,England,WEST SUSSEX,Wales,GWENT,5
47229,2021.0,5.0,England,BEDFORDSHIRE,England,SHROPSHIRE,2
47232,2021.0,5.0,England,BEDFORDSHIRE,England,WARWICKSHIRE,1
47233,2021.0,5.0,England,BEDFORDSHIRE,England,WEST MIDLANDS,25
47235,2021.0,5.0,England,BERKSHIRE,England,AVON,83
47239,2021.0,5.0,England,BERKSHIRE,England,CHESHIRE,12
47240,2021.0,5.0,England,BERKSHIRE,England,CORNWALL,5
47241,2021.0,5.0,England,BERKSHIRE,England,DEVON,8
47244,2021.0,5.0,England,BERKSHIRE,England,GLOUCESTERSHIRE,57
47246,2021.0,5.0,England,BERKSHIRE,England,HEREFORD & WORCESTER,5
47250,2021.0,5.0,England,BERKSHIRE,England,SHROPSHIRE,12
47251,2021.0,5.0,England,BERKSHIRE,England,SOMERSET,2
47253,2021.0,5.0,England,BERKSHIRE,England,WARWICKSHIRE,14
47254,2021.0,5.0,England,BERKSHIRE,England,WILTSHIRE,16
47256,2021.0,5.0,England,BERKSHIRE,Wales,DYFED,1
47257,2021.0,5.0,England,BERKSHIRE,Wales,MID GLAMORGAN,15
47258,2021.0,5.0,England,BERKSHIRE,Wales,SOUTH GLAMORGAN,4
47260,2021.0,5.0,England,BUCKINGHAMSHIRE,England,AVON,1
47264,2021.0,5.0,England,BUCKINGHAMSHIRE,England,CHESHIRE,4
47265,2021.0,5.0,England,BUCKINGHAMSHIRE,England,CUMBRIA,4
47266,2021.0,5.0,England,BUCKINGHAMSHIRE,England,GLOUCESTERSHIRE,49
47268,2021.0,5.0,England,BUCKINGHAMSHIRE,England,HEREFORD & WORCESTER,1
47270,2021.0,5.0,England,BUCKINGHAMSHIRE,England,LANCASHIRE,48
47274,2021.0,5.0,England,BUCKINGHAMSHIRE,England,NORTH YORKSHIRE,21
47275,2021.0,5.0,England,BUCKINGHAMSHIRE,England,NOTTINGHAMSHIRE,4
47277,2021.0,5.0,England,BUCKINGHAMSHIRE,England,SOMERSET,4
47278,2021.0,5.0,England,BUCKINGHAMSHIRE,England,SOUTH YORKSHIRE,28
47280,2021.0,5.0,England,BUCKINGHAMSHIRE,England,WARWICKSHIRE,122
47281,2021.0,5.0,England,BUCKINGHAMSHIRE,England,WEST MIDLANDS,13
47282,2021.0,5.0,England,BUCKINGHAMSHIRE,England,WILTSHIRE,5
47284,2021.0,5.0,England,BUCKINGHAMSHIRE,Wales,MID GLAMORGAN,371
47285,2021.0,5.0,England,CAMBRIDGESHIRE,England,AVON,14
47289,2021.0,5.0,England,CAMBRIDGESHIRE,England,DERBYSHIRE,2
47290,2021.0,5.0,England,CAMBRIDGESHIRE,England,DEVON,3
47293,2021.0,5.0,England,CAMBRIDGESHIRE,England,HEREFORD & WORCESTER,26
47299,2021.0,5.0,England,CAMBRIDGESHIRE,England,NORTH YORKSHIRE,7
47301,2021.0,5.0,England,CAMBRIDGESHIRE,England,SHROPSHIRE,25
47302,2021.0,5.0,England,CAMBRIDGESHIRE,England,STAFFORDSHIRE,3
47304,2021.0,5.0,England,CAMBRIDGESHIRE,Scotland,DUMFRIES & GALLOWAY,3
47305,2021.0,5.0,England,CAMBRIDGESHIRE,Scotland,GRAMPIAN,1
47306,2021.0,5.0,England,CAMBRIDGESHIRE,Scotland,HIGHLAND,1
47307,2021.0,5.0,England,CAMBRIDGESHIRE,Wales,MID GLAMORGAN,31
47568,2021.0,5.0,England,EAST SUSSEX,England,AVON,24
47571,2021.0,5.0,England,EAST SUSSEX,England,CUMBRIA,1
47572,2021.0,5.0,England,EAST SUSSEX,England,DEVON,16
47575,2021.0,5.0,England,EAST SUSSEX,England,GLOUCESTERSHIRE,47
47580,2021.0,5.0,England,EAST SUSSEX,England,SOMERSET,90
47585,2021.0,5.0,England,EAST SUSSEX,Wales,MID GLAMORGAN,329
47588,2021.0,5.0,England,ESSEX,England,DURHAM,1
47593,2021.0,5.0,England,ESSEX,England,HEREFORD & WORCESTER,32
47599,2021.0,5.0,England,ESSEX,England,NORTH YORKSHIRE,5
47601,2021.0,5.0,England,ESSEX,England,SOUTH YORKSHIRE,2
47604,2021.0,5.0,England,ESSEX,England,WARWICKSHIRE,123
47606,2021.0,5.0,England,ESSEX,Wales,MID GLAMORGAN,6
47646,2021.0,5.0,England,GREATER LONDON,England,AVON,4
47652,2021.0,5.0,England,GREATER LONDON,England,SOUTH YORKSHIRE,1
47654,2021.0,5.0,England,GREATER LONDON,England,WILTSHIRE,15
47673,2021.0,5.0,England,HAMPSHIRE,England,AVON,132
47677,2021.0,5.0,England,HAMPSHIRE,England,CHESHIRE,6
47678,2021.0,5.0,England,HAMPSHIRE,England,DEVON,28
47679,2021.0,5.0,England,HAMPSHIRE,England,DORSET,35
47680,2021.0,5.0,England,HAMPSHIRE,England,GLOUCESTERSHIRE,27
47682,2021.0,5.0,England,HAMPSHIRE,England,ISLE OF WIGHT,4
47687,2021.0,5.0,England,HAMPSHIRE,England,NOTTINGHAMSHIRE,42
47689,2021.0,5.0,England,HAMPSHIRE,England,SOMERSET,392
47692,2021.0,5.0,England,HAMPSHIRE,England,WILTSHIRE,560
47694,2021.0,5.0,England,HAMPSHIRE,Wales,MID GLAMORGAN,38
47739,2021.0,5.0,England,HERTFORDSHIRE,England,AVON,8
47743,2021.0,5.0,England,HERTFORDSHIRE,England,CHESHIRE,1
47744,2021.0,5.0,England,HERTFORDSHIRE,England,CORNWALL,7
47745,2021.0,5.0,England,HERTFORDSHIRE,England,CUMBRIA,4
47756,2021.0,5.0,England,HERTFORDSHIRE,England,WARWICKSHIRE,1
47758,2021.0,5.0,England,HERTFORDSHIRE,Scotland,DUMFRIES & GALLOWAY,5
47759,2021.0,5.0,England,HUMBERSIDE,England,CHESHIRE,32
47760,2021.0,5.0,England,HUMBERSIDE,England,CORNWALL,22
47761,2021.0,5.0,England,HUMBERSIDE,England,CUMBRIA,77
47762,2021.0,5.0,England,HUMBERSIDE,England,DERBYSHIRE,1
47763,2021.0,5.0,England,HUMBERSIDE,England,DEVON,5
47764,2021.0,5.0,England,HUMBERSIDE,England,DURHAM,8
47765,2021.0,5.0,England,HUMBERSIDE,England,GLOUCESTERSHIRE,1
47766,2021.0,5.0,England,HUMBERSIDE,England,GREATER MANCHESTER,34
47768,2021.0,5.0,England,HUMBERSIDE,England,LANCASHIRE,127
47772,2021.0,5.0,England,HUMBERSIDE,England,NORTHUMBERLAND,1
47773,2021.0,5.0,England,HUMBERSIDE,England,NORTH YORKSHIRE,"1,397"
47774,2021.0,5.0,England,HUMBERSIDE,England,NOTTINGHAMSHIRE,9
47775,2021.0,5.0,England,HUMBERSIDE,England,SHROPSHIRE,46
47776,2021.0,5.0,England,HUMBERSIDE,England,SOUTH YORKSHIRE,131
47777,2021.0,5.0,England,HUMBERSIDE,England,STAFFORDSHIRE,1
47778,2021.0,5.0,England,HUMBERSIDE,England,WEST YORKSHIRE,42
47779,2021.0,5.0,England,HUMBERSIDE,England,WILTSHIRE,1
47781,2021.0,5.0,England,HUMBERSIDE,Scotland,DUMFRIES & GALLOWAY,2
47782,2021.0,5.0,England,HUMBERSIDE,Scotland,GRAMPIAN,140
47783,2021.0,5.0,England,HUMBERSIDE,Scotland,ORKNEY,1
47795,2021.0,5.0,England,KENT,England,AVON,85
47800,2021.0,5.0,England,KENT,England,CHESHIRE,1
47801,2021.0,5.0,England,KENT,England,CORNWALL,60
47802,2021.0,5.0,England,KENT,England,DERBYSHIRE,10
47803,2021.0,5.0,England,KENT,England,DEVON,28
47804,2021.0,5.0,England,KENT,England,DORSET,1
47807,2021.0,5.0,England,KENT,England,GLOUCESTERSHIRE,12
47809,2021.0,5.0,England,KENT,England,GREATER MANCHESTER,66
47815,2021.0,5.0,England,KENT,England,NORTH YORKSHIRE,83
47816,2021.0,5.0,England,KENT,England,SOMERSET,34
47817,2021.0,5.0,England,KENT,England,SOUTH YORKSHIRE,7
47822,2021.0,5.0,England,KENT,Scotland,DUMFRIES & GALLOWAY,16
47823,2021.0,5.0,England,KENT,Wales,DYFED,30
47858,2021.0,5.0,England,LEICESTERSHIRE,England,AVON,27
47862,2021.0,5.0,England,LEICESTERSHIRE,England,CHESHIRE,64
47863,2021.0,5.0,England,LEICESTERSHIRE,England,CUMBRIA,29
47864,2021.0,5.0,England,LEICESTERSHIRE,England,DERBYSHIRE,212
47865,2021.0,5.0,England,LEICESTERSHIRE,England,DURHAM,2
47867,2021.0,5.0,England,LEICESTERSHIRE,England,GLOUCESTERSHIRE,7
47868,2021.0,5.0,England,LEICESTERSHIRE,England,GREATER MANCHESTER,62
47869,2021.0,5.0,England,LEICESTERSHIRE,England,HEREFORD & WORCESTER,17
47872,2021.0,5.0,England,LEICESTERSHIRE,England,LANCASHIRE,176
47877,2021.0,5.0,England,LEICESTERSHIRE,England,NORTH YORKSHIRE,427
47878,2021.0,5.0,England,LEICESTERSHIRE,England,NOTTINGHAMSHIRE,231
47880,2021.0,5.0,England,LEICESTERSHIRE,England,SHROPSHIRE,32
47881,2021.0,5.0,England,LEICESTERSHIRE,England,SOUTH YORKSHIRE,183
47882,2021.0,5.0,England,LEICESTERSHIRE,England,STAFFORDSHIRE,204
47885,2021.0,5.0,England,LEICESTERSHIRE,England,WARWICKSHIRE,445
47886,2021.0,5.0,England,LEICESTERSHIRE,England,WEST MIDLANDS,26
47887,2021.0,5.0,England,LEICESTERSHIRE,England,WEST YORKSHIRE,18
47888,2021.0,5.0,England,LEICESTERSHIRE,England,WILTSHIRE,12
47890,2021.0,5.0,England,LEICESTERSHIRE,Scotland,GRAMPIAN,28
47891,2021.0,5.0,England,LEICESTERSHIRE,Scotland,STRATHCLYDE,29
47892,2021.0,5.0,England,LEICESTERSHIRE,Wales,CLWYD,27
47893,2021.0,5.0,England,LEICESTERSHIRE,Wales,GWENT,1
47894,2021.0,5.0,England,LEICESTERSHIRE,Wales,MID GLAMORGAN,105
47895,2021.0,5.0,England,LEICESTERSHIRE,Wales,POWYS,5
47900,2021.0,5.0,England,LINCOLNSHIRE,England,CHESHIRE,3
47901,2021.0,5.0,England,LINCOLNSHIRE,England,CUMBRIA,42
47902,2021.0,5.0,England,LINCOLNSHIRE,England,DERBYSHIRE,44
47904,2021.0,5.0,England,LINCOLNSHIRE,England,GREATER MANCHESTER,1
47905,2021.0,5.0,England,LINCOLNSHIRE,England,HEREFORD & WORCESTER,2
47907,2021.0,5.0,England,LINCOLNSHIRE,England,LANCASHIRE,57
47912,2021.0,5.0,England,LINCOLNSHIRE,England,NORTHUMBERLAND,1
47913,2021.0,5.0,England,LINCOLNSHIRE,England,NORTH YORKSHIRE,245
47914,2021.0,5.0,England,LINCOLNSHIRE,England,NOTTINGHAMSHIRE,2
47916,2021.0,5.0,England,LINCOLNSHIRE,England,SOUTH YORKSHIRE,229
47917,2021.0,5.0,England,LINCOLNSHIRE,England,STAFFORDSHIRE,24
47918,2021.0,5.0,England,LINCOLNSHIRE,England,WARWICKSHIRE,35
47919,2021.0,5.0,England,LINCOLNSHIRE,England,WEST YORKSHIRE,18
47921,2021.0,5.0,England,LINCOLNSHIRE,Wales,GWYNEDD,25
47922,2021.0,5.0,England,LINCOLNSHIRE,Wales,MID GLAMORGAN,15
47923,2021.0,5.0,England,LINCOLNSHIRE,Wales,POWYS,2
47936,2021.0,5.0,England,NORFOLK,England,CUMBRIA,10
47937,2021.0,5.0,England,NORFOLK,England,DURHAM,13
47939,2021.0,5.0,England,NORFOLK,England,GREATER MANCHESTER,11
47942,2021.0,5.0,England,NORFOLK,England,LANCASHIRE,117
47947,2021.0,5.0,England,NORFOLK,England,NORTH YORKSHIRE,10
47948,2021.0,5.0,England,NORFOLK,England,SHROPSHIRE,152
47949,2021.0,5.0,England,NORFOLK,England,SOMERSET,4
47950,2021.0,5.0,England,NORFOLK,England,SOUTH YORKSHIRE,153
47953,2021.0,5.0,England,NORFOLK,England,WEST YORKSHIRE,2
47954,2021.0,5.0,England,NORFOLK,England,WILTSHIRE,2
47956,2021.0,5.0,England,NORFOLK,Scotland,TAYSIDE,40
47957,2021.0,5.0,England,NORFOLK,Wales,MID GLAMORGAN,93
47958,2021.0,5.0,England,NORTHAMPTONSHIRE,England,AVON,3
47963,2021.0,5.0,England,NORTHAMPTONSHIRE,England,CHESHIRE,30
47964,2021.0,5.0,England,NORTHAMPTONSHIRE,England,CUMBRIA,33
47965,2021.0,5.0,England,NORTHAMPTONSHIRE,England,DERBYSHIRE,6
47966,2021.0,5.0,England,NORTHAMPTONSHIRE,England,DEVON,1
47968,2021.0,5.0,England,NORTHAMPTONSHIRE,England,GLOUCESTERSHIRE,21
47970,2021.0,5.0,England,NORTHAMPTONSHIRE,England,HEREFORD & WORCESTER,15
47972,2021.0,5.0,England,NORTHAMPTONSHIRE,England,LANCASHIRE,15
47977,2021.0,5.0,England,NORTHAMPTONSHIRE,England,NORTH YORKSHIRE,47
47978,2021.0,5.0,England,NORTHAMPTONSHIRE,England,NOTTINGHAMSHIRE,39
47980,2021.0,5.0,England,NORTHAMPTONSHIRE,England,SHROPSHIRE,135
47981,2021.0,5.0,England,NORTHAMPTONSHIRE,England,SOUTH YORKSHIRE,16
47982,2021.0,5.0,England,NORTHAMPTONSHIRE,England,STAFFORDSHIRE,8
47984,2021.0,5.0,England,NORTHAMPTONSHIRE,England,WARWICKSHIRE,381
47985,2021.0,5.0,England,NORTHAMPTONSHIRE,England,WEST MIDLANDS,12
47986,2021.0,5.0,England,NORTHAMPTONSHIRE,England,WILTSHIRE,1
47988,2021.0,5.0,England,NORTHAMPTONSHIRE,Scotland,STRATHCLYDE,1
47989,2021.0,5.0,England,NORTHAMPTONSHIRE,Wales,MID GLAMORGAN,44
47990,2021.0,5.0,England,NORTHAMPTONSHIRE,Wales,POWYS,3
48084,2021.0,5.0,England,OXFORDSHIRE,England,AVON,52
48088,2021.0,5.0,England,OXFORDSHIRE,England,CHESHIRE,64
48089,2021.0,5.0,England,OXFORDSHIRE,England,CORNWALL,28
48090,2021.0,5.0,England,OXFORDSHIRE,England,DERBYSHIRE,20
48093,2021.0,5.0,England,OXFORDSHIRE,England,GLOUCESTERSHIRE,71
48095,2021.0,5.0,England,OXFORDSHIRE,England,HEREFORD & WORCESTER,67
48097,2021.0,5.0,England,OXFORDSHIRE,England,LANCASHIRE,10
48101,2021.0,5.0,England,OXFORDSHIRE,England,NORTH YORKSHIRE,20
48103,2021.0,5.0,England,OXFORDSHIRE,England,SHROPSHIRE,30
48104,2021.0,5.0,England,OXFORDSHIRE,England,SOMERSET,9
48105,2021.0,5.0,England,OXFORDSHIRE,England,SOUTH YORKSHIRE,82
48106,2021.0,5.0,England,OXFORDSHIRE,England,STAFFORDSHIRE,40
48109,2021.0,5.0,England,OXFORDSHIRE,England,WARWICKSHIRE,100
48110,2021.0,5.0,England,OXFORDSHIRE,England,WILTSHIRE,90
48112,2021.0,5.0,England,OXFORDSHIRE,Scotland,CENTRAL,39
48113,2021.0,5.0,England,OXFORDSHIRE,Wales,MID GLAMORGAN,102
48259,2021.0,5.0,England,SUFFOLK,England,CUMBRIA,2
48261,2021.0,5.0,England,SUFFOLK,England,LANCASHIRE,39
48266,2021.0,5.0,England,SUFFOLK,England,NORTH YORKSHIRE,4
48268,2021.0,5.0,England,SUFFOLK,England,SOUTH YORKSHIRE,68
48269,2021.0,5.0,England,SUFFOLK,England,STAFFORDSHIRE,1
48274,2021.0,5.0,England,SUFFOLK,Scotland,TAYSIDE,1
48275,2021.0,5.0,England,SUFFOLK,Wales,MID GLAMORGAN,20
48276,2021.0,5.0,England,SURREY,England,AVON,1
48287,2021.0,5.0,England,SURREY,England,WILTSHIRE,8
48289,2021.0,5.0,England,SURREY,Wales,MID GLAMORGAN,78
48343,2021.0,5.0,England,WEST SUSSEX,England,AVON,22
48345,2021.0,5.0,England,WEST SUSSEX,England,DEVON,11
48350,2021.0,5.0,England,WEST SUSSEX,England,HEREFORD & WORCESTER,1
48356,2021.0,5.0,England,WEST SUSSEX,England,SOMERSET,24
48360,2021.0,5.0,England,WEST SUSSEX,England,WILTSHIRE,33
49001,2021.0,6.0,England,BEDFORDSHIRE,England,NORTH YORKSHIRE,4
49002,2021.0,6.0,England,BEDFORDSHIRE,England,SHROPSHIRE,1
49005,2021.0,6.0,England,BEDFORDSHIRE,England,WEST MIDLANDS,28
49007,2021.0,6.0,England,BERKSHIRE,England,AVON,23
49011,2021.0,6.0,England,BERKSHIRE,England,CHESHIRE,10
49012,2021.0,6.0,England,BERKSHIRE,England,CORNWALL,9
49013,2021.0,6.0,England,BERKSHIRE,England,DEVON,4
49014,2021.0,6.0,England,BERKSHIRE,England,GLOUCESTERSHIRE,5
49019,2021.0,6.0,England,BERKSHIRE,England,SOMERSET,3
49021,2021.0,6.0,England,BERKSHIRE,England,WILTSHIRE,5
49023,2021.0,6.0,England,BERKSHIRE,Wales,MID GLAMORGAN,8
49028,2021.0,6.0,England,BUCKINGHAMSHIRE,England,GLOUCESTERSHIRE,2
49037,2021.0,6.0,England,BUCKINGHAMSHIRE,England,SHROPSHIRE,17
49038,2021.0,6.0,England,BUCKINGHAMSHIRE,England,SOMERSET,76
49039,2021.0,6.0,England,BUCKINGHAMSHIRE,England,SOUTH YORKSHIRE,9
49041,2021.0,6.0,England,BUCKINGHAMSHIRE,England,WARWICKSHIRE,24
49042,2021.0,6.0,England,BUCKINGHAMSHIRE,England,WEST MIDLANDS,7
49045,2021.0,6.0,England,BUCKINGHAMSHIRE,Scotland,CENTRAL,9
49046,2021.0,6.0,England,BUCKINGHAMSHIRE,Wales,MID GLAMORGAN,303
49050,2021.0,6.0,England,CAMBRIDGESHIRE,England,CHESHIRE,4
49051,2021.0,6.0,England,CAMBRIDGESHIRE,England,CUMBRIA,1
49052,2021.0,6.0,England,CAMBRIDGESHIRE,England,DEVON,2
49055,2021.0,6.0,England,CAMBRIDGESHIRE,England,HEREFORD & WORCESTER,24
49062,2021.0,6.0,England,CAMBRIDGESHIRE,England,NORTH YORKSHIRE,1
49064,2021.0,6.0,England,CAMBRIDGESHIRE,England,SHROPSHIRE,56
49065,2021.0,6.0,England,CAMBRIDGESHIRE,England,STAFFORDSHIRE,2
49067,2021.0,6.0,England,CAMBRIDGESHIRE,England,WARWICKSHIRE,1
49068,2021.0,6.0,England,CAMBRIDGESHIRE,England,WEST YORKSHIRE,1
49070,2021.0,6.0,England,CAMBRIDGESHIRE,Scotland,FIFE,1
49309,2021.0,6.0,England,EAST SUSSEX,England,AVON,9
49312,2021.0,6.0,England,EAST SUSSEX,England,GLOUCESTERSHIRE,73
49317,2021.0,6.0,England,EAST SUSSEX,England,SOMERSET,194
49318,2021.0,6.0,England,EAST SUSSEX,England,STAFFORDSHIRE,37
49323,2021.0,6.0,England,EAST SUSSEX,Scotland,DUMFRIES & GALLOWAY,1
49324,2021.0,6.0,England,EAST SUSSEX,Wales,MID GLAMORGAN,425
49327,2021.0,6.0,England,ESSEX,England,DURHAM,4
49330,2021.0,6.0,England,ESSEX,England,GREATER MANCHESTER,28
49337,2021.0,6.0,England,ESSEX,England,SOUTH YORKSHIRE,15
49340,2021.0,6.0,England,ESSEX,England,WARWICKSHIRE,122
49342,2021.0,6.0,England,ESSEX,England,WEST YORKSHIRE,2
49376,2021.0,6.0,England,GREATER LONDON,England,AVON,1
49386,2021.0,6.0,England,GREATER LONDON,England,WILTSHIRE,12
49401,2021.0,6.0,England,HAMPSHIRE,England,AVON,111
49404,2021.0,6.0,England,HAMPSHIRE,England,CORNWALL,4
49405,2021.0,6.0,England,HAMPSHIRE,England,CUMBRIA,12
49406,2021.0,6.0,England,HAMPSHIRE,England,DEVON,40
49407,2021.0,6.0,England,HAMPSHIRE,England,DORSET,56
49408,2021.0,6.0,England,HAMPSHIRE,England,GLOUCESTERSHIRE,20
49410,2021.0,6.0,England,HAMPSHIRE,England,HEREFORD & WORCESTER,12
49411,2021.0,6.0,England,HAMPSHIRE,England,ISLE OF WIGHT,5
49415,2021.0,6.0,England,HAMPSHIRE,England,SOMERSET,281
49416,2021.0,6.0,England,HAMPSHIRE,England,SOUTH YORKSHIRE,6
49419,2021.0,6.0,England,HAMPSHIRE,England,WEST YORKSHIRE,75
49420,2021.0,6.0,England,HAMPSHIRE,England,WILTSHIRE,623
49422,2021.0,6.0,England,HAMPSHIRE,Scotland,DUMFRIES & GALLOWAY,3
49423,2021.0,6.0,England,HAMPSHIRE,Wales,DYFED,265
49460,2021.0,6.0,England,HERTFORDSHIRE,England,DEVON,8
49462,2021.0,6.0,England,HERTFORDSHIRE,England,GLOUCESTERSHIRE,1
49471,2021.0,6.0,England,HERTFORDSHIRE,England,SHROPSHIRE,4
49472,2021.0,6.0,England,HERTFORDSHIRE,England,SOUTH YORKSHIRE,10
49476,2021.0,6.0,England,HUMBERSIDE,England,CHESHIRE,42
49477,2021.0,6.0,England,HUMBERSIDE,England,CLEVELAND,2
49478,2021.0,6.0,England,HUMBERSIDE,England,CUMBRIA,25
49479,2021.0,6.0,England,HUMBERSIDE,England,DERBYSHIRE,1
49480,2021.0,6.0,England,HUMBERSIDE,England,DURHAM,3
49481,2021.0,6.0,England,HUMBERSIDE,England,GLOUCESTERSHIRE,48
49482,2021.0,6.0,England,HUMBERSIDE,England,GREATER MANCHESTER,38
49484,2021.0,6.0,England,HUMBERSIDE,England,LANCASHIRE,116
49487,2021.0,6.0,England,HUMBERSIDE,England,NORTHUMBERLAND,1
49488,2021.0,6.0,England,HUMBERSIDE,England,NORTH YORKSHIRE,"1,621"
49489,2021.0,6.0,England,HUMBERSIDE,England,NOTTINGHAMSHIRE,1
49490,2021.0,6.0,England,HUMBERSIDE,England,SHROPSHIRE,59
49491,2021.0,6.0,England,HUMBERSIDE,England,SOUTH YORKSHIRE,154
49492,2021.0,6.0,England,HUMBERSIDE,England,WEST YORKSHIRE,60
49494,2021.0,6.0,England,HUMBERSIDE,Scotland,BORDERS,2
49495,2021.0,6.0,England,HUMBERSIDE,Scotland,DUMFRIES & GALLOWAY,2
49496,2021.0,6.0,England,HUMBERSIDE,Scotland,GRAMPIAN,120
49497,2021.0,6.0,England,HUMBERSIDE,Scotland,STRATHCLYDE,1
49498,2021.0,6.0,England,HUMBERSIDE,Scotland,TAYSIDE,1
49500,2021.0,6.0,England,HUMBERSIDE,Wales,DYFED,1
49501,2021.0,6.0,England,HUMBERSIDE,Wales,GWYNEDD,3
49502,2021.0,6.0,England,HUMBERSIDE,Wales,MID GLAMORGAN,1
49514,2021.0,6.0,England,KENT,England,AVON,12
49517,2021.0,6.0,England,KENT,England,DEVON,25
49518,2021.0,6.0,England,KENT,England,DURHAM,3
49521,2021.0,6.0,England,KENT,England,GLOUCESTERSHIRE,17
49523,2021.0,6.0,England,KENT,England,GREATER MANCHESTER,70
49528,2021.0,6.0,England,KENT,England,NORTH YORKSHIRE,4
49529,2021.0,6.0,England,KENT,England,SOUTH YORKSHIRE,14
49565,2021.0,6.0,England,LEICESTERSHIRE,England,AVON,35
49569,2021.0,6.0,England,LEICESTERSHIRE,England,CHESHIRE,56
49570,2021.0,6.0,England,LEICESTERSHIRE,England,DERBYSHIRE,144
49571,2021.0,6.0,England,LEICESTERSHIRE,England,DEVON,13
49572,2021.0,6.0,England,LEICESTERSHIRE,England,DORSET,4
49574,2021.0,6.0,England,LEICESTERSHIRE,England,GLOUCESTERSHIRE,5
49575,2021.0,6.0,England,LEICESTERSHIRE,England,GREATER MANCHESTER,45
49576,2021.0,6.0,England,LEICESTERSHIRE,England,HEREFORD & WORCESTER,25
49578,2021.0,6.0,England,LEICESTERSHIRE,England,LANCASHIRE,149
49583,2021.0,6.0,England,LEICESTERSHIRE,England,NORTH YORKSHIRE,112
49584,2021.0,6.0,England,LEICESTERSHIRE,England,NOTTINGHAMSHIRE,168
49586,2021.0,6.0,England,LEICESTERSHIRE,England,SHROPSHIRE,113
49587,2021.0,6.0,England,LEICESTERSHIRE,England,SOMERSET,8
49588,2021.0,6.0,England,LEICESTERSHIRE,England,SOUTH YORKSHIRE,146
49589,2021.0,6.0,England,LEICESTERSHIRE,England,STAFFORDSHIRE,143
49592,2021.0,6.0,England,LEICESTERSHIRE,England,WARWICKSHIRE,258
49593,2021.0,6.0,England,LEICESTERSHIRE,England,WEST MIDLANDS,7
49594,2021.0,6.0,England,LEICESTERSHIRE,England,WEST YORKSHIRE,17
49596,2021.0,6.0,England,LEICESTERSHIRE,Scotland,DUMFRIES & GALLOWAY,2
49597,2021.0,6.0,England,LEICESTERSHIRE,Scotland,STRATHCLYDE,23
49598,2021.0,6.0,England,LEICESTERSHIRE,Wales,DYFED,1
49599,2021.0,6.0,England,LEICESTERSHIRE,Wales,MID GLAMORGAN,93
49602,2021.0,6.0,England,LINCOLNSHIRE,England,CHESHIRE,2
49603,2021.0,6.0,England,LINCOLNSHIRE,England,CUMBRIA,1
49604,2021.0,6.0,England,LINCOLNSHIRE,England,DERBYSHIRE,62
49606,2021.0,6.0,England,LINCOLNSHIRE,England,LANCASHIRE,38
49611,2021.0,6.0,England,LINCOLNSHIRE,England,NORTHUMBERLAND,3
49612,2021.0,6.0,England,LINCOLNSHIRE,England,NORTH YORKSHIRE,171
49613,2021.0,6.0,England,LINCOLNSHIRE,England,NOTTINGHAMSHIRE,8
49614,2021.0,6.0,England,LINCOLNSHIRE,England,SOUTH YORKSHIRE,188
49615,2021.0,6.0,England,LINCOLNSHIRE,England,STAFFORDSHIRE,4
49617,2021.0,6.0,England,LINCOLNSHIRE,England,WARWICKSHIRE,15
49618,2021.0,6.0,England,LINCOLNSHIRE,England,WEST MIDLANDS,4
49620,2021.0,6.0,England,LINCOLNSHIRE,Scotland,DUMFRIES & GALLOWAY,1
49621,2021.0,6.0,England,LINCOLNSHIRE,Wales,CLWYD,25
49622,2021.0,6.0,England,LINCOLNSHIRE,Wales,MID GLAMORGAN,12
49645,2021.0,6.0,England,NORFOLK,England,CUMBRIA,1
49646,2021.0,6.0,England,NORFOLK,England,DERBYSHIRE,1
49647,2021.0,6.0,England,NORFOLK,England,DEVON,1
49649,2021.0,6.0,England,NORFOLK,England,GREATER MANCHESTER,10
49653,2021.0,6.0,England,NORFOLK,England,LANCASHIRE,57
49658,2021.0,6.0,England,NORFOLK,England,NORTH YORKSHIRE,36
49659,2021.0,6.0,England,NORFOLK,England,NOTTINGHAMSHIRE,3
49661,2021.0,6.0,England,NORFOLK,England,SOUTH YORKSHIRE,120
49665,2021.0,6.0,England,NORFOLK,Wales,MID GLAMORGAN,88
49666,2021.0,6.0,England,NORTHAMPTONSHIRE,England,AVON,1
49670,2021.0,6.0,England,NORTHAMPTONSHIRE,England,CHESHIRE,14
49672,2021.0,6.0,England,NORTHAMPTONSHIRE,England,GLOUCESTERSHIRE,2
49673,2021.0,6.0,England,NORTHAMPTONSHIRE,England,LANCASHIRE,5
49678,2021.0,6.0,England,NORTHAMPTONSHIRE,England,NORTH YORKSHIRE,14
49680,2021.0,6.0,England,NORTHAMPTONSHIRE,England,SHROPSHIRE,157
49681,2021.0,6.0,England,NORTHAMPTONSHIRE,England,SOMERSET,5
49682,2021.0,6.0,England,NORTHAMPTONSHIRE,England,SOUTH YORKSHIRE,12
49683,2021.0,6.0,England,NORTHAMPTONSHIRE,England,STAFFORDSHIRE,2
49686,2021.0,6.0,England,NORTHAMPTONSHIRE,England,WARWICKSHIRE,68
49687,2021.0,6.0,England,NORTHAMPTONSHIRE,England,WEST YORKSHIRE,14
49689,2021.0,6.0,England,NORTHAMPTONSHIRE,Scotland,CENTRAL,16
49690,2021.0,6.0,England,NORTHAMPTONSHIRE,Wales,MID GLAMORGAN,40
49691,2021.0,6.0,England,NORTHAMPTONSHIRE,Wales,POWYS,1
49780,2021.0,6.0,England,OXFORDSHIRE,England,AVON,28
49784,2021.0,6.0,England,OXFORDSHIRE,England,CHESHIRE,26
49785,2021.0,6.0,England,OXFORDSHIRE,England,CUMBRIA,2
49786,2021.0,6.0,England,OXFORDSHIRE,England,DERBYSHIRE,2
49787,2021.0,6.0,England,OXFORDSHIRE,England,DEVON,50
49789,2021.0,6.0,England,OXFORDSHIRE,England,GLOUCESTERSHIRE,216
49791,2021.0,6.0,England,OXFORDSHIRE,England,HEREFORD & WORCESTER,25
49793,2021.0,6.0,England,OXFORDSHIRE,England,ISLE OF WIGHT,13
49794,2021.0,6.0,England,OXFORDSHIRE,England,LANCASHIRE,8
49799,2021.0,6.0,England,OXFORDSHIRE,England,NOTTINGHAMSHIRE,25
49801,2021.0,6.0,England,OXFORDSHIRE,England,SHROPSHIRE,80
49802,2021.0,6.0,England,OXFORDSHIRE,England,SOMERSET,34
49803,2021.0,6.0,England,OXFORDSHIRE,England,SOUTH YORKSHIRE,73
49804,2021.0,6.0,England,OXFORDSHIRE,England,STAFFORDSHIRE,33
49806,2021.0,6.0,England,OXFORDSHIRE,England,WARWICKSHIRE,77
49807,2021.0,6.0,England,OXFORDSHIRE,England,WILTSHIRE,52
49809,2021.0,6.0,England,OXFORDSHIRE,Wales,CLWYD,25
49810,2021.0,6.0,England,OXFORDSHIRE,Wales,DYFED,72
49811,2021.0,6.0,England,OXFORDSHIRE,Wales,GWENT,12
49812,2021.0,6.0,England,OXFORDSHIRE,Wales,MID GLAMORGAN,113
49813,2021.0,6.0,England,OXFORDSHIRE,Wales,POWYS,12
49958,2021.0,6.0,England,SUFFOLK,England,CUMBRIA,2
49959,2021.0,6.0,England,SUFFOLK,England,DERBYSHIRE,1
49962,2021.0,6.0,England,SUFFOLK,England,LANCASHIRE,16
49967,2021.0,6.0,England,SUFFOLK,England,SOUTH YORKSHIRE,19
49971,2021.0,6.0,England,SUFFOLK,Scotland,BORDERS,2
49972,2021.0,6.0,England,SUFFOLK,Wales,CLWYD,2
49973,2021.0,6.0,England,SUFFOLK,Wales,GWYNEDD,4
49974,2021.0,6.0,England,SUFFOLK,Wales,MID GLAMORGAN,33
49976,2021.0,6.0,England,SURREY,England,CHESHIRE,1
49977,2021.0,6.0,England,SURREY,England,DEVON,215
49979,2021.0,6.0,England,SURREY,England,GLOUCESTERSHIRE,7
49981,2021.0,6.0,England,SURREY,England,ISLE OF WIGHT,1
49987,2021.0,6.0,England,SURREY,England,WILTSHIRE,8
49989,2021.0,6.0,England,SURREY,Wales,DYFED,6
49990,2021.0,6.0,England,SURREY,Wales,MID GLAMORGAN,41
50042,2021.0,6.0,England,WEST SUSSEX,England,AVON,28
50044,2021.0,6.0,England,WEST SUSSEX,England,DEVON,171
50047,2021.0,6.0,England,WEST SUSSEX,England,GLOUCESTERSHIRE,14
50053,2021.0,6.0,England,WEST SUSSEX,England,SOMERSET,6
50054,2021.0,6.0,England,WEST SUSSEX,England,STAFFORDSHIRE,16
50058,2021.0,6.0,England,WEST SUSSEX,England,WILTSHIRE,39
50060,2021.0,6.0,England,WEST SUSSEX,Wales,CLWYD,1
50061,2021.0,6.0,England,WEST SUSSEX,Wales,DYFED,15
50680,2021.0,7.0,England,BEDFORDSHIRE,England,CHESHIRE,3
50681,2021.0,7.0,England,BEDFORDSHIRE,England,HEREFORD & WORCESTER,1
50686,2021.0,7.0,England,BEDFORDSHIRE,England,SOMERSET,1
50687,2021.0,7.0,England,BEDFORDSHIRE,England,SOUTH YORKSHIRE,1
50689,2021.0,7.0,England,BEDFORDSHIRE,England,WEST MIDLANDS,3
50691,2021.0,7.0,England,BEDFORDSHIRE,Scotland,DUMFRIES & GALLOWAY,2
50692,2021.0,7.0,England,BERKSHIRE,England,AVON,32
50696,2021.0,7.0,England,BERKSHIRE,England,CORNWALL,6
50697,2021.0,7.0,England,BERKSHIRE,England,GLOUCESTERSHIRE,45
50701,2021.0,7.0,England,BERKSHIRE,England,SOMERSET,22
50702,2021.0,7.0,England,BERKSHIRE,England,SOUTH YORKSHIRE,9
50704,2021.0,7.0,England,BERKSHIRE,England,WILTSHIRE,6
50706,2021.0,7.0,England,BERKSHIRE,Wales,MID GLAMORGAN,19
50707,2021.0,7.0,England,BUCKINGHAMSHIRE,England,AVON,27
50710,2021.0,7.0,England,BUCKINGHAMSHIRE,England,CHESHIRE,3
50711,2021.0,7.0,England,BUCKINGHAMSHIRE,England,GLOUCESTERSHIRE,39
50713,2021.0,7.0,England,BUCKINGHAMSHIRE,England,LANCASHIRE,38
50718,2021.0,7.0,England,BUCKINGHAMSHIRE,England,SOMERSET,38
50719,2021.0,7.0,England,BUCKINGHAMSHIRE,England,SOUTH YORKSHIRE,20
50720,2021.0,7.0,England,BUCKINGHAMSHIRE,England,STAFFORDSHIRE,23
50722,2021.0,7.0,England,BUCKINGHAMSHIRE,England,WARWICKSHIRE,37
50723,2021.0,7.0,England,BUCKINGHAMSHIRE,England,WEST MIDLANDS,7
50724,2021.0,7.0,England,BUCKINGHAMSHIRE,England,WILTSHIRE,17
50726,2021.0,7.0,England,BUCKINGHAMSHIRE,Wales,MID GLAMORGAN,531
50727,2021.0,7.0,England,CAMBRIDGESHIRE,England,AVON,1
50731,2021.0,7.0,England,CAMBRIDGESHIRE,England,CHESHIRE,1
50738,2021.0,7.0,England,CAMBRIDGESHIRE,England,NORTH YORKSHIRE,1
50739,2021.0,7.0,England,CAMBRIDGESHIRE,England,NOTTINGHAMSHIRE,2
50740,2021.0,7.0,England,CAMBRIDGESHIRE,England,SHROPSHIRE,48
50742,2021.0,7.0,England,CAMBRIDGESHIRE,England,WARWICKSHIRE,2
50744,2021.0,7.0,England,CAMBRIDGESHIRE,Scotland,BORDERS,2
50745,2021.0,7.0,England,CAMBRIDGESHIRE,Wales,MID GLAMORGAN,34
50989,2021.0,7.0,England,EAST SUSSEX,England,AVON,78
50993,2021.0,7.0,England,EAST SUSSEX,England,DEVON,4
50996,2021.0,7.0,England,EAST SUSSEX,England,GLOUCESTERSHIRE,45
51001,2021.0,7.0,England,EAST SUSSEX,England,NORTH YORKSHIRE,6
51002,2021.0,7.0,England,EAST SUSSEX,England,SOMERSET,87
51006,2021.0,7.0,England,EAST SUSSEX,Wales,MID GLAMORGAN,336
51012,2021.0,7.0,England,ESSEX,England,GREATER MANCHESTER,33
51018,2021.0,7.0,England,ESSEX,England,NORTH YORKSHIRE,1
51020,2021.0,7.0,England,ESSEX,England,SOMERSET,15
51023,2021.0,7.0,England,ESSEX,England,WARWICKSHIRE,78
51025,2021.0,7.0,England,ESSEX,Wales,MID GLAMORGAN,12
51062,2021.0,7.0,England,GREATER LONDON,England,AVON,12
51080,2021.0,7.0,England,HAMPSHIRE,England,AVON,163
51083,2021.0,7.0,England,HAMPSHIRE,England,CHESHIRE,17
51084,2021.0,7.0,England,HAMPSHIRE,England,CORNWALL,16
51085,2021.0,7.0,England,HAMPSHIRE,England,DEVON,38
51086,2021.0,7.0,England,HAMPSHIRE,England,DORSET,2
51088,2021.0,7.0,England,HAMPSHIRE,England,GLOUCESTERSHIRE,109
51090,2021.0,7.0,England,HAMPSHIRE,England,HEREFORD & WORCESTER,28
51093,2021.0,7.0,England,HAMPSHIRE,England,SOMERSET,542
51097,2021.0,7.0,England,HAMPSHIRE,England,WILTSHIRE,556
51139,2021.0,7.0,England,HERTFORDSHIRE,England,DEVON,2
51145,2021.0,7.0,England,HERTFORDSHIRE,England,NORTH YORKSHIRE,4
51147,2021.0,7.0,England,HERTFORDSHIRE,England,SOUTH YORKSHIRE,11
51150,2021.0,7.0,England,HERTFORDSHIRE,Wales,POWYS,1
51153,2021.0,7.0,England,HUMBERSIDE,England,CHESHIRE,1
51154,2021.0,7.0,England,HUMBERSIDE,England,CUMBRIA,67
51155,2021.0,7.0,England,HUMBERSIDE,England,DERBYSHIRE,40
51156,2021.0,7.0,England,HUMBERSIDE,England,DEVON,1
51157,2021.0,7.0,England,HUMBERSIDE,England,GREATER MANCHESTER,21
51159,2021.0,7.0,England,HUMBERSIDE,England,LANCASHIRE,148
51163,2021.0,7.0,England,HUMBERSIDE,England,NORTH YORKSHIRE,"1,381"
51164,2021.0,7.0,England,HUMBERSIDE,England,NOTTINGHAMSHIRE,35
51165,2021.0,7.0,England,HUMBERSIDE,England,SOUTH YORKSHIRE,57
51166,2021.0,7.0,England,HUMBERSIDE,England,STAFFORDSHIRE,2
51167,2021.0,7.0,England,HUMBERSIDE,England,WEST YORKSHIRE,51
51169,2021.0,7.0,England,HUMBERSIDE,Scotland,STRATHCLYDE,1
51182,2021.0,7.0,England,KENT,England,AVON,11
51185,2021.0,7.0,England,KENT,England,CORNWALL,2
51186,2021.0,7.0,England,KENT,England,DEVON,6
51189,2021.0,7.0,England,KENT,England,GLOUCESTERSHIRE,20
51191,2021.0,7.0,England,KENT,England,GREATER MANCHESTER,79
51197,2021.0,7.0,England,KENT,England,NORTH YORKSHIRE,4
51198,2021.0,7.0,England,KENT,England,SHROPSHIRE,42
51199,2021.0,7.0,England,KENT,England,SOMERSET,17
51200,2021.0,7.0,England,KENT,England,SOUTH YORKSHIRE,7
51205,2021.0,7.0,England,KENT,Wales,MID GLAMORGAN,35
51242,2021.0,7.0,England,LEICESTERSHIRE,England,AVON,46
51246,2021.0,7.0,England,LEICESTERSHIRE,England,CHESHIRE,17
51247,2021.0,7.0,England,LEICESTERSHIRE,England,DERBYSHIRE,142
51248,2021.0,7.0,England,LEICESTERSHIRE,England,GLOUCESTERSHIRE,7
51249,2021.0,7.0,England,LEICESTERSHIRE,England,GREATER MANCHESTER,17
51250,2021.0,7.0,England,LEICESTERSHIRE,England,HEREFORD & WORCESTER,46
51252,2021.0,7.0,England,LEICESTERSHIRE,England,LANCASHIRE,120
51257,2021.0,7.0,England,LEICESTERSHIRE,England,NORTH YORKSHIRE,114
51258,2021.0,7.0,England,LEICESTERSHIRE,England,NOTTINGHAMSHIRE,92
51260,2021.0,7.0,England,LEICESTERSHIRE,England,SHROPSHIRE,66
51261,2021.0,7.0,England,LEICESTERSHIRE,England,SOUTH YORKSHIRE,131
51262,2021.0,7.0,England,LEICESTERSHIRE,England,STAFFORDSHIRE,77
51264,2021.0,7.0,England,LEICESTERSHIRE,England,WARWICKSHIRE,190
51265,2021.0,7.0,England,LEICESTERSHIRE,England,WEST MIDLANDS,13
51266,2021.0,7.0,England,LEICESTERSHIRE,England,WEST YORKSHIRE,12
51268,2021.0,7.0,England,LEICESTERSHIRE,Scotland,GRAMPIAN,6
51269,2021.0,7.0,England,LEICESTERSHIRE,Wales,DYFED,1
51270,2021.0,7.0,England,LEICESTERSHIRE,Wales,GWENT,24
51271,2021.0,7.0,England,LEICESTERSHIRE,Wales,GWYNEDD,5
51272,2021.0,7.0,England,LEICESTERSHIRE,Wales,MID GLAMORGAN,109
51273,2021.0,7.0,England,LEICESTERSHIRE,Wales,POWYS,6
51278,2021.0,7.0,England,LINCOLNSHIRE,England,DERBYSHIRE,69
51279,2021.0,7.0,England,LINCOLNSHIRE,England,GREATER MANCHESTER,30
51281,2021.0,7.0,England,LINCOLNSHIRE,England,LANCASHIRE,86
51285,2021.0,7.0,England,LINCOLNSHIRE,England,NORTH YORKSHIRE,120
51286,2021.0,7.0,England,LINCOLNSHIRE,England,NOTTINGHAMSHIRE,20
51287,2021.0,7.0,England,LINCOLNSHIRE,England,SHROPSHIRE,9
51288,2021.0,7.0,England,LINCOLNSHIRE,England,SOUTH YORKSHIRE,279
51289,2021.0,7.0,England,LINCOLNSHIRE,England,STAFFORDSHIRE,7
51291,2021.0,7.0,England,LINCOLNSHIRE,England,WILTSHIRE,1
51293,2021.0,7.0,England,LINCOLNSHIRE,Scotland,BORDERS,1
51294,2021.0,7.0,England,LINCOLNSHIRE,Scotland,STRATHCLYDE,1
51295,2021.0,7.0,England,LINCOLNSHIRE,Wales,DYFED,1
51296,2021.0,7.0,England,LINCOLNSHIRE,Wales,GWYNEDD,1
51310,2021.0,7.0,England,NORFOLK,England,CUMBRIA,93
51313,2021.0,7.0,England,NORFOLK,England,GLOUCESTERSHIRE,2
51314,2021.0,7.0,England,NORFOLK,England,GREATER MANCHESTER,44
51319,2021.0,7.0,England,NORFOLK,England,LANCASHIRE,32
51324,2021.0,7.0,England,NORFOLK,England,NORTH YORKSHIRE,532
51325,2021.0,7.0,England,NORFOLK,England,NOTTINGHAMSHIRE,4
51326,2021.0,7.0,England,NORFOLK,England,SHROPSHIRE,1
51327,2021.0,7.0,England,NORFOLK,England,SOMERSET,1
51328,2021.0,7.0,England,NORFOLK,England,SOUTH YORKSHIRE,219
51332,2021.0,7.0,England,NORFOLK,Wales,MID GLAMORGAN,25
51333,2021.0,7.0,England,NORTHAMPTONSHIRE,England,AVON,2
51337,2021.0,7.0,England,NORTHAMPTONSHIRE,England,CHESHIRE,4
51338,2021.0,7.0,England,NORTHAMPTONSHIRE,England,CUMBRIA,41
51340,2021.0,7.0,England,NORTHAMPTONSHIRE,England,GLOUCESTERSHIRE,2
51341,2021.0,7.0,England,NORTHAMPTONSHIRE,England,HEREFORD & WORCESTER,17
51343,2021.0,7.0,England,NORTHAMPTONSHIRE,England,LANCASHIRE,23
51349,2021.0,7.0,England,NORTHAMPTONSHIRE,England,SHROPSHIRE,175
51350,2021.0,7.0,England,NORTHAMPTONSHIRE,England,SOMERSET,69
51351,2021.0,7.0,England,NORTHAMPTONSHIRE,England,SOUTH YORKSHIRE,23
51352,2021.0,7.0,England,NORTHAMPTONSHIRE,England,STAFFORDSHIRE,15
51354,2021.0,7.0,England,NORTHAMPTONSHIRE,England,WARWICKSHIRE,92
51355,2021.0,7.0,England,NORTHAMPTONSHIRE,England,WEST YORKSHIRE,8
51357,2021.0,7.0,England,NORTHAMPTONSHIRE,Scotland,CENTRAL,98
51358,2021.0,7.0,England,NORTHAMPTONSHIRE,Scotland,STRATHCLYDE,12
51359,2021.0,7.0,England,NORTHAMPTONSHIRE,Wales,MID GLAMORGAN,49
51456,2021.0,7.0,England,OXFORDSHIRE,England,AVON,48
51459,2021.0,7.0,England,OXFORDSHIRE,England,CHESHIRE,36
51460,2021.0,7.0,England,OXFORDSHIRE,England,DEVON,10
51462,2021.0,7.0,England,OXFORDSHIRE,England,GLOUCESTERSHIRE,20
51464,2021.0,7.0,England,OXFORDSHIRE,England,HEREFORD & WORCESTER,52
51470,2021.0,7.0,England,OXFORDSHIRE,England,NORTH YORKSHIRE,7
51471,2021.0,7.0,England,OXFORDSHIRE,England,NOTTINGHAMSHIRE,19
51473,2021.0,7.0,England,OXFORDSHIRE,England,SHROPSHIRE,5
51474,2021.0,7.0,England,OXFORDSHIRE,England,SOMERSET,76
51475,2021.0,7.0,England,OXFORDSHIRE,England,SOUTH YORKSHIRE,99
51476,2021.0,7.0,England,OXFORDSHIRE,England,STAFFORDSHIRE,35
51479,2021.0,7.0,England,OXFORDSHIRE,England,WARWICKSHIRE,46
51481,2021.0,7.0,England,OXFORDSHIRE,England,WILTSHIRE,47
51483,2021.0,7.0,England,OXFORDSHIRE,Wales,MID GLAMORGAN,143
51484,2021.0,7.0,England,OXFORDSHIRE,Wales,POWYS,44
51625,2021.0,7.0,England,SUFFOLK,England,CHESHIRE,1
51626,2021.0,7.0,England,SUFFOLK,England,DERBYSHIRE,1
51633,2021.0,7.0,England,SUFFOLK,England,NOTTINGHAMSHIRE,30
51634,2021.0,7.0,England,SUFFOLK,England,SOUTH YORKSHIRE,24
51637,2021.0,7.0,England,SUFFOLK,England,WARWICKSHIRE,4
51639,2021.0,7.0,England,SUFFOLK,Wales,MID GLAMORGAN,43
51643,2021.0,7.0,England,SURREY,England,GLOUCESTERSHIRE,14
51650,2021.0,7.0,England,SURREY,England,WILTSHIRE,19
51652,2021.0,7.0,England,SURREY,Wales,MID GLAMORGAN,81
51704,2021.0,7.0,England,WEST SUSSEX,England,AVON,34
51712,2021.0,7.0,England,WEST SUSSEX,England,NORTH YORKSHIRE,4
51714,2021.0,7.0,England,WEST SUSSEX,England,SHROPSHIRE,47
51715,2021.0,7.0,England,WEST SUSSEX,England,SOMERSET,99
51719,2021.0,7.0,England,WEST SUSSEX,England,WILTSHIRE,58
51721,2021.0,7.0,England,WEST SUSSEX,Wales,DYFED,75
51722,2021.0,7.0,England,WEST SUSSEX,Wales,GWYNEDD,2
52298,2021.0,8.0,England,BEDFORDSHIRE,England,CHESHIRE,19
52305,2021.0,8.0,England,BEDFORDSHIRE,England,SOUTH YORKSHIRE,3
52306,2021.0,8.0,England,BEDFORDSHIRE,England,STAFFORDSHIRE,2
52308,2021.0,8.0,England,BEDFORDSHIRE,Wales,MID GLAMORGAN,107
52309,2021.0,8.0,England,BERKSHIRE,England,AVON,22
52312,2021.0,8.0,England,BERKSHIRE,England,CHESHIRE,25
52313,2021.0,8.0,England,BERKSHIRE,England,DEVON,7
52314,2021.0,8.0,England,BERKSHIRE,England,GLOUCESTERSHIRE,17
52318,2021.0,8.0,England,BERKSHIRE,England,SOMERSET,3
52319,2021.0,8.0,England,BERKSHIRE,England,SOUTH YORKSHIRE,1
52321,2021.0,8.0,England,BERKSHIRE,England,WILTSHIRE,3
52323,2021.0,8.0,England,BERKSHIRE,Wales,CLWYD,2
52324,2021.0,8.0,England,BERKSHIRE,Wales,MID GLAMORGAN,59
52325,2021.0,8.0,England,BUCKINGHAMSHIRE,England,AVON,8
52328,2021.0,8.0,England,BUCKINGHAMSHIRE,England,CHESHIRE,19
52329,2021.0,8.0,England,BUCKINGHAMSHIRE,England,DORSET,13
52330,2021.0,8.0,England,BUCKINGHAMSHIRE,England,GLOUCESTERSHIRE,27
52337,2021.0,8.0,England,BUCKINGHAMSHIRE,England,SOMERSET,1
52338,2021.0,8.0,England,BUCKINGHAMSHIRE,England,SOUTH YORKSHIRE,41
52339,2021.0,8.0,England,BUCKINGHAMSHIRE,England,STAFFORDSHIRE,22
52341,2021.0,8.0,England,BUCKINGHAMSHIRE,England,WARWICKSHIRE,33
52343,2021.0,8.0,England,BUCKINGHAMSHIRE,Scotland,STRATHCLYDE,1
52345,2021.0,8.0,England,BUCKINGHAMSHIRE,Wales,MID GLAMORGAN,414
52348,2021.0,8.0,England,CAMBRIDGESHIRE,England,CORNWALL,1
52349,2021.0,8.0,England,CAMBRIDGESHIRE,England,CUMBRIA,1
52356,2021.0,8.0,England,CAMBRIDGESHIRE,England,NORTH YORKSHIRE,2
52358,2021.0,8.0,England,CAMBRIDGESHIRE,England,SHROPSHIRE,81
52359,2021.0,8.0,England,CAMBRIDGESHIRE,England,SOMERSET,11
52360,2021.0,8.0,England,CAMBRIDGESHIRE,England,STAFFORDSHIRE,4
52363,2021.0,8.0,England,CAMBRIDGESHIRE,Scotland,DUMFRIES & GALLOWAY,1
52364,2021.0,8.0,England,CAMBRIDGESHIRE,Wales,GWENT,1
52587,2021.0,8.0,England,EAST SUSSEX,England,AVON,14
52592,2021.0,8.0,England,EAST SUSSEX,England,GLOUCESTERSHIRE,82
52597,2021.0,8.0,England,EAST SUSSEX,England,SOMERSET,106
52600,2021.0,8.0,England,EAST SUSSEX,England,WARWICKSHIRE,17
52603,2021.0,8.0,England,EAST SUSSEX,Wales,MID GLAMORGAN,288
52606,2021.0,8.0,England,ESSEX,England,CHESHIRE,3
52609,2021.0,8.0,England,ESSEX,England,GREATER MANCHESTER,18
52616,2021.0,8.0,England,ESSEX,England,SOUTH YORKSHIRE,8
52619,2021.0,8.0,England,ESSEX,England,WARWICKSHIRE,79
52622,2021.0,8.0,England,ESSEX,Wales,MID GLAMORGAN,17
52655,2021.0,8.0,England,GREATER LONDON,England,AVON,6
52672,2021.0,8.0,England,HAMPSHIRE,England,AVON,160
52676,2021.0,8.0,England,HAMPSHIRE,England,CORNWALL,1
52677,2021.0,8.0,England,HAMPSHIRE,England,DORSET,21
52679,2021.0,8.0,England,HAMPSHIRE,England,GLOUCESTERSHIRE,14
52681,2021.0,8.0,England,HAMPSHIRE,England,HEREFORD & WORCESTER,7
52683,2021.0,8.0,England,HAMPSHIRE,England,ISLE OF WIGHT,31
52685,2021.0,8.0,England,HAMPSHIRE,England,SHROPSHIRE,42
52686,2021.0,8.0,England,HAMPSHIRE,England,SOMERSET,176
52688,2021.0,8.0,England,HAMPSHIRE,England,WARWICKSHIRE,8
52690,2021.0,8.0,England,HAMPSHIRE,England,WILTSHIRE,561
52742,2021.0,8.0,England,HERTFORDSHIRE,England,WARWICKSHIRE,13
52744,2021.0,8.0,England,HERTFORDSHIRE,Wales,MID GLAMORGAN,16
52745,2021.0,8.0,England,HUMBERSIDE,England,CHESHIRE,30
52746,2021.0,8.0,England,HUMBERSIDE,England,CUMBRIA,7
52747,2021.0,8.0,England,HUMBERSIDE,England,DERBYSHIRE,4
52748,2021.0,8.0,England,HUMBERSIDE,England,GREATER MANCHESTER,1
52750,2021.0,8.0,England,HUMBERSIDE,England,LANCASHIRE,131
52753,2021.0,8.0,England,HUMBERSIDE,England,NORTH YORKSHIRE,"1,119"
52754,2021.0,8.0,England,HUMBERSIDE,England,SOUTH YORKSHIRE,81
52755,2021.0,8.0,England,HUMBERSIDE,England,WEST YORKSHIRE,21
52767,2021.0,8.0,England,KENT,England,AVON,10
52769,2021.0,8.0,England,KENT,England,DEVON,10
52772,2021.0,8.0,England,KENT,England,GLOUCESTERSHIRE,15
52774,2021.0,8.0,England,KENT,England,GREATER MANCHESTER,80
52781,2021.0,8.0,England,KENT,England,NORTH YORKSHIRE,28
52782,2021.0,8.0,England,KENT,England,SOMERSET,204
52783,2021.0,8.0,England,KENT,England,SOUTH YORKSHIRE,27
52788,2021.0,8.0,England,KENT,Wales,MID GLAMORGAN,36
52825,2021.0,8.0,England,LEICESTERSHIRE,England,AVON,30
52829,2021.0,8.0,England,LEICESTERSHIRE,England,CHESHIRE,50
52830,2021.0,8.0,England,LEICESTERSHIRE,England,CUMBRIA,5
52831,2021.0,8.0,England,LEICESTERSHIRE,England,DERBYSHIRE,120
52832,2021.0,8.0,England,LEICESTERSHIRE,England,DEVON,17
52833,2021.0,8.0,England,LEICESTERSHIRE,England,DURHAM,15
52834,2021.0,8.0,England,LEICESTERSHIRE,England,GLOUCESTERSHIRE,14
52836,2021.0,8.0,England,LEICESTERSHIRE,England,HEREFORD & WORCESTER,80
52838,2021.0,8.0,England,LEICESTERSHIRE,England,LANCASHIRE,123
52843,2021.0,8.0,England,LEICESTERSHIRE,England,NORTH YORKSHIRE,229
52844,2021.0,8.0,England,LEICESTERSHIRE,England,NOTTINGHAMSHIRE,55
52846,2021.0,8.0,England,LEICESTERSHIRE,England,SHROPSHIRE,86
52847,2021.0,8.0,England,LEICESTERSHIRE,England,SOUTH YORKSHIRE,111
52848,2021.0,8.0,England,LEICESTERSHIRE,England,STAFFORDSHIRE,93
52850,2021.0,8.0,England,LEICESTERSHIRE,England,WARWICKSHIRE,153
52851,2021.0,8.0,England,LEICESTERSHIRE,England,WEST MIDLANDS,4
52852,2021.0,8.0,England,LEICESTERSHIRE,England,WEST YORKSHIRE,6
52854,2021.0,8.0,England,LEICESTERSHIRE,Wales,MID GLAMORGAN,209
52855,2021.0,8.0,England,LEICESTERSHIRE,Wales,POWYS,6
52858,2021.0,8.0,England,LINCOLNSHIRE,England,CHESHIRE,12
52859,2021.0,8.0,England,LINCOLNSHIRE,England,CUMBRIA,1
52860,2021.0,8.0,England,LINCOLNSHIRE,England,DERBYSHIRE,3
52861,2021.0,8.0,England,LINCOLNSHIRE,England,GREATER MANCHESTER,20
52863,2021.0,8.0,England,LINCOLNSHIRE,England,LANCASHIRE,39
52868,2021.0,8.0,England,LINCOLNSHIRE,England,NORTH YORKSHIRE,116
52869,2021.0,8.0,England,LINCOLNSHIRE,England,NOTTINGHAMSHIRE,27
52870,2021.0,8.0,England,LINCOLNSHIRE,England,SHROPSHIRE,9
52871,2021.0,8.0,England,LINCOLNSHIRE,England,SOUTH YORKSHIRE,184
52872,2021.0,8.0,England,LINCOLNSHIRE,England,STAFFORDSHIRE,19
52874,2021.0,8.0,England,LINCOLNSHIRE,England,WARWICKSHIRE,1
52875,2021.0,8.0,England,LINCOLNSHIRE,England,WEST MIDLANDS,9
52876,2021.0,8.0,England,LINCOLNSHIRE,England,WEST YORKSHIRE,27
52878,2021.0,8.0,England,LINCOLNSHIRE,Wales,MID GLAMORGAN,37
52890,2021.0,8.0,England,NORFOLK,England,DORSET,1
52892,2021.0,8.0,England,NORFOLK,England,GREATER MANCHESTER,31
52893,2021.0,8.0,England,NORFOLK,England,HEREFORD & WORCESTER,51
52897,2021.0,8.0,England,NORFOLK,England,LANCASHIRE,25
52901,2021.0,8.0,England,NORFOLK,England,SHROPSHIRE,48
52902,2021.0,8.0,England,NORFOLK,England,SOUTH YORKSHIRE,185
52905,2021.0,8.0,England,NORFOLK,England,WILTSHIRE,2
52907,2021.0,8.0,England,NORFOLK,Wales,MID GLAMORGAN,89
52908,2021.0,8.0,England,NORTHAMPTONSHIRE,England,AVON,32
52912,2021.0,8.0,England,NORTHAMPTONSHIRE,England,CHESHIRE,28
52913,2021.0,8.0,England,NORTHAMPTONSHIRE,England,DERBYSHIRE,11
52915,2021.0,8.0,England,NORTHAMPTONSHIRE,England,HEREFORD & WORCESTER,45
52917,2021.0,8.0,England,NORTHAMPTONSHIRE,England,LANCASHIRE,2
52922,2021.0,8.0,England,NORTHAMPTONSHIRE,England,NORTH YORKSHIRE,1
52924,2021.0,8.0,England,NORTHAMPTONSHIRE,England,SHROPSHIRE,156
52925,2021.0,8.0,England,NORTHAMPTONSHIRE,England,SOMERSET,32
52926,2021.0,8.0,England,NORTHAMPTONSHIRE,England,SOUTH YORKSHIRE,11
52927,2021.0,8.0,England,NORTHAMPTONSHIRE,England,STAFFORDSHIRE,5
52930,2021.0,8.0,England,NORTHAMPTONSHIRE,England,WARWICKSHIRE,59
52932,2021.0,8.0,England,NORTHAMPTONSHIRE,Scotland,CENTRAL,29
52933,2021.0,8.0,England,NORTHAMPTONSHIRE,Scotland,STRATHCLYDE,7
52934,2021.0,8.0,England,NORTHAMPTONSHIRE,Wales,MID GLAMORGAN,17
52935,2021.0,8.0,England,NORTHAMPTONSHIRE,Wales,POWYS,2
52936,2021.0,8.0,England,NORTHAMPTONSHIRE,Wales,SOUTH GLAMORGAN,4
53031,2021.0,8.0,England,OXFORDSHIRE,England,AVON,49
53035,2021.0,8.0,England,OXFORDSHIRE,England,CHESHIRE,27
53036,2021.0,8.0,England,OXFORDSHIRE,England,DEVON,1
53037,2021.0,8.0,England,OXFORDSHIRE,England,GLOUCESTERSHIRE,52
53039,2021.0,8.0,England,OXFORDSHIRE,England,HEREFORD & WORCESTER,8
53041,2021.0,8.0,England,OXFORDSHIRE,England,LANCASHIRE,36
53047,2021.0,8.0,England,OXFORDSHIRE,England,SHROPSHIRE,12
53048,2021.0,8.0,England,OXFORDSHIRE,England,SOMERSET,12
53049,2021.0,8.0,England,OXFORDSHIRE,England,SOUTH YORKSHIRE,77
53050,2021.0,8.0,England,OXFORDSHIRE,England,STAFFORDSHIRE,39
53052,2021.0,8.0,England,OXFORDSHIRE,England,WARWICKSHIRE,26
53054,2021.0,8.0,England,OXFORDSHIRE,England,WILTSHIRE,74
53056,2021.0,8.0,England,OXFORDSHIRE,Wales,MID GLAMORGAN,126
53206,2021.0,8.0,England,SUFFOLK,England,NORTH YORKSHIRE,1
53207,2021.0,8.0,England,SUFFOLK,England,SOMERSET,2
53208,2021.0,8.0,England,SUFFOLK,England,SOUTH YORKSHIRE,27
53211,2021.0,8.0,England,SUFFOLK,Wales,MID GLAMORGAN,40
53212,2021.0,8.0,England,SUFFOLK,Wales,POWYS,1
53213,2021.0,8.0,England,SURREY,England,AVON,1
53217,2021.0,8.0,England,SURREY,England,CORNWALL,2
53218,2021.0,8.0,England,SURREY,England,DORSET,4
53221,2021.0,8.0,England,SURREY,England,GLOUCESTERSHIRE,9
53223,2021.0,8.0,England,SURREY,England,HEREFORD & WORCESTER,5
53228,2021.0,8.0,England,SURREY,England,SOMERSET,6
53231,2021.0,8.0,England,SURREY,England,WILTSHIRE,1
53233,2021.0,8.0,England,SURREY,Wales,DYFED,1
53284,2021.0,8.0,England,WEST SUSSEX,England,AVON,12
53287,2021.0,8.0,England,WEST SUSSEX,England,DERBYSHIRE,29
53290,2021.0,8.0,England,WEST SUSSEX,England,GLOUCESTERSHIRE,1
53297,2021.0,8.0,England,WEST SUSSEX,England,SOMERSET,5
53298,2021.0,8.0,England,WEST SUSSEX,England,SOUTH YORKSHIRE,2
53302,2021.0,8.0,England,WEST SUSSEX,England,WILTSHIRE,138
53304,2021.0,8.0,England,WEST SUSSEX,Wales,POWYS,1
53899,2021.0,9.0,England,BEDFORDSHIRE,England,WARWICKSHIRE,1
53901,2021.0,9.0,England,BEDFORDSHIRE,Wales,MID GLAMORGAN,30
53902,2021.0,9.0,England,BERKSHIRE,England,AVON,24
53905,2021.0,9.0,England,BERKSHIRE,England,DEVON,10
53906,2021.0,9.0,England,BERKSHIRE,England,GLOUCESTERSHIRE,39
53911,2021.0,9.0,England,BERKSHIRE,England,SOMERSET,2
53913,2021.0,9.0,England,BERKSHIRE,England,WARWICKSHIRE,1
53914,2021.0,9.0,England,BERKSHIRE,England,WILTSHIRE,15
53916,2021.0,9.0,England,BERKSHIRE,Wales,CLWYD,1
53917,2021.0,9.0,England,BERKSHIRE,Wales,MID GLAMORGAN,7
53918,2021.0,9.0,England,BUCKINGHAMSHIRE,England,AVON,7
53921,2021.0,9.0,England,BUCKINGHAMSHIRE,England,CHESHIRE,6
53922,2021.0,9.0,England,BUCKINGHAMSHIRE,England,DORSET,13
53923,2021.0,9.0,England,BUCKINGHAMSHIRE,England,GLOUCESTERSHIRE,4
53927,2021.0,9.0,England,BUCKINGHAMSHIRE,England,LANCASHIRE,30
53932,2021.0,9.0,England,BUCKINGHAMSHIRE,England,NORTH YORKSHIRE,6
53934,2021.0,9.0,England,BUCKINGHAMSHIRE,England,SOMERSET,15
53935,2021.0,9.0,England,BUCKINGHAMSHIRE,England,SOUTH YORKSHIRE,25
53937,2021.0,9.0,England,BUCKINGHAMSHIRE,England,WARWICKSHIRE,67
53939,2021.0,9.0,England,BUCKINGHAMSHIRE,Wales,DYFED,20
53940,2021.0,9.0,England,BUCKINGHAMSHIRE,Wales,MID GLAMORGAN,236
53941,2021.0,9.0,England,BUCKINGHAMSHIRE,Wales,POWYS,8
53942,2021.0,9.0,England,BUCKINGHAMSHIRE,Wales,SHROPSHIRE,12
53945,2021.0,9.0,England,CAMBRIDGESHIRE,England,DERBYSHIRE,1
53946,2021.0,9.0,England,CAMBRIDGESHIRE,England,DEVON,3
53954,2021.0,9.0,England,CAMBRIDGESHIRE,England,NORTH YORKSHIRE,18
53955,2021.0,9.0,England,CAMBRIDGESHIRE,England,NOTTINGHAMSHIRE,21
53957,2021.0,9.0,England,CAMBRIDGESHIRE,England,SHROPSHIRE,26
53958,2021.0,9.0,England,CAMBRIDGESHIRE,England,STAFFORDSHIRE,7
53959,2021.0,9.0,England,CAMBRIDGESHIRE,England,WILTSHIRE,18
53961,2021.0,9.0,England,CAMBRIDGESHIRE,Wales,MID GLAMORGAN,39
54194,2021.0,9.0,England,EAST SUSSEX,England,AVON,18
54201,2021.0,9.0,England,EAST SUSSEX,England,GLOUCESTERSHIRE,83
54207,2021.0,9.0,England,EAST SUSSEX,England,SOMERSET,82
54212,2021.0,9.0,England,EAST SUSSEX,Wales,MID GLAMORGAN,192
54213,2021.0,9.0,England,EAST SUSSEX,Wales,POWYS,18
54216,2021.0,9.0,England,ESSEX,England,DURHAM,39
54219,2021.0,9.0,England,ESSEX,England,HEREFORD & WORCESTER,30
54227,2021.0,9.0,England,ESSEX,England,SOMERSET,2
54228,2021.0,9.0,England,ESSEX,England,SOUTH YORKSHIRE,25
54231,2021.0,9.0,England,ESSEX,England,WARWICKSHIRE,35
54233,2021.0,9.0,England,ESSEX,Wales,MID GLAMORGAN,20
54278,2021.0,9.0,England,GREATER LONDON,England,SOUTH YORKSHIRE,6
54294,2021.0,9.0,England,HAMPSHIRE,England,AVON,125
54298,2021.0,9.0,England,HAMPSHIRE,England,DEVON,71
54299,2021.0,9.0,England,HAMPSHIRE,England,DORSET,4
54301,2021.0,9.0,England,HAMPSHIRE,England,GLOUCESTERSHIRE,40
54303,2021.0,9.0,England,HAMPSHIRE,England,HEREFORD & WORCESTER,7
54304,2021.0,9.0,England,HAMPSHIRE,England,ISLE OF WIGHT,24
54307,2021.0,9.0,England,HAMPSHIRE,England,SOMERSET,282
54309,2021.0,9.0,England,HAMPSHIRE,England,WARWICKSHIRE,5
54311,2021.0,9.0,England,HAMPSHIRE,England,WILTSHIRE,497
54363,2021.0,9.0,England,HERTFORDSHIRE,England,WARWICKSHIRE,23
54365,2021.0,9.0,England,HERTFORDSHIRE,Scotland,DUMFRIES & GALLOWAY,8
54366,2021.0,9.0,England,HERTFORDSHIRE,Wales,MID GLAMORGAN,2
54367,2021.0,9.0,England,HUMBERSIDE,England,CHESHIRE,4
54368,2021.0,9.0,England,HUMBERSIDE,England,CUMBRIA,41
54369,2021.0,9.0,England,HUMBERSIDE,England,DURHAM,30
54372,2021.0,9.0,England,HUMBERSIDE,England,LANCASHIRE,89
54376,2021.0,9.0,England,HUMBERSIDE,England,NORTH YORKSHIRE,"1,180"
54377,2021.0,9.0,England,HUMBERSIDE,England,NOTTINGHAMSHIRE,1
54378,2021.0,9.0,England,HUMBERSIDE,England,SHROPSHIRE,50
54379,2021.0,9.0,England,HUMBERSIDE,England,SOUTH YORKSHIRE,117
54380,2021.0,9.0,England,HUMBERSIDE,England,STAFFORDSHIRE,1
54381,2021.0,9.0,England,HUMBERSIDE,England,WEST YORKSHIRE,31
54383,2021.0,9.0,England,HUMBERSIDE,Scotland,DUMFRIES & GALLOWAY,1
54384,2021.0,9.0,England,HUMBERSIDE,Scotland,GRAMPIAN,140
54386,2021.0,9.0,England,HUMBERSIDE,Wales,CLWYD,8
54396,2021.0,9.0,England,KENT,England,DURHAM,24
54399,2021.0,9.0,England,KENT,England,GLOUCESTERSHIRE,11
54401,2021.0,9.0,England,KENT,England,GREATER MANCHESTER,26
54406,2021.0,9.0,England,KENT,England,NORTH YORKSHIRE,4
54408,2021.0,9.0,England,KENT,England,SOMERSET,20
54409,2021.0,9.0,England,KENT,England,SOUTH YORKSHIRE,16
54414,2021.0,9.0,England,KENT,Wales,MID GLAMORGAN,108
54443,2021.0,9.0,England,LEICESTERSHIRE,England,AVON,53
54448,2021.0,9.0,England,LEICESTERSHIRE,England,CHESHIRE,34
54449,2021.0,9.0,England,LEICESTERSHIRE,England,CUMBRIA,3
54450,2021.0,9.0,England,LEICESTERSHIRE,England,DERBYSHIRE,126
54453,2021.0,9.0,England,LEICESTERSHIRE,England,GLOUCESTERSHIRE,5
54454,2021.0,9.0,England,LEICESTERSHIRE,England,GREATER MANCHESTER,1
54455,2021.0,9.0,England,LEICESTERSHIRE,England,HEREFORD & WORCESTER,85
54458,2021.0,9.0,England,LEICESTERSHIRE,England,LANCASHIRE,181
54463,2021.0,9.0,England,LEICESTERSHIRE,England,NORTH YORKSHIRE,180
54464,2021.0,9.0,England,LEICESTERSHIRE,England,NOTTINGHAMSHIRE,169
54466,2021.0,9.0,England,LEICESTERSHIRE,England,SHROPSHIRE,96
54467,2021.0,9.0,England,LEICESTERSHIRE,England,SOMERSET,115
54468,2021.0,9.0,England,LEICESTERSHIRE,England,SOUTH YORKSHIRE,201
54469,2021.0,9.0,England,LEICESTERSHIRE,England,STAFFORDSHIRE,140
54472,2021.0,9.0,England,LEICESTERSHIRE,England,WARWICKSHIRE,287
54473,2021.0,9.0,England,LEICESTERSHIRE,England,WEST MIDLANDS,27
54475,2021.0,9.0,England,LEICESTERSHIRE,England,WEST YORKSHIRE,9
54477,2021.0,9.0,England,LEICESTERSHIRE,Wales,MID GLAMORGAN,327
54480,2021.0,9.0,England,LINCOLNSHIRE,England,CHESHIRE,2
54481,2021.0,9.0,England,LINCOLNSHIRE,England,CUMBRIA,1
54482,2021.0,9.0,England,LINCOLNSHIRE,England,DERBYSHIRE,74
54483,2021.0,9.0,England,LINCOLNSHIRE,England,GREATER MANCHESTER,22
54485,2021.0,9.0,England,LINCOLNSHIRE,England,LANCASHIRE,60
54490,2021.0,9.0,England,LINCOLNSHIRE,England,NORTH YORKSHIRE,67
54491,2021.0,9.0,England,LINCOLNSHIRE,England,NOTTINGHAMSHIRE,12
54493,2021.0,9.0,England,LINCOLNSHIRE,England,SHROPSHIRE,50
54494,2021.0,9.0,England,LINCOLNSHIRE,England,SOUTH YORKSHIRE,304
54495,2021.0,9.0,England,LINCOLNSHIRE,England,STAFFORDSHIRE,2
54496,2021.0,9.0,England,LINCOLNSHIRE,England,WEST MIDLANDS,5
54497,2021.0,9.0,England,LINCOLNSHIRE,England,WEST YORKSHIRE,28
54499,2021.0,9.0,England,LINCOLNSHIRE,Wales,DYFED,1
54510,2021.0,9.0,England,NORFOLK,England,GLOUCESTERSHIRE,5
54512,2021.0,9.0,England,NORFOLK,England,GREATER MANCHESTER,23
54514,2021.0,9.0,England,NORFOLK,England,HEREFORD & WORCESTER,1
54521,2021.0,9.0,England,NORFOLK,England,NORTH YORKSHIRE,35
54522,2021.0,9.0,England,NORFOLK,England,NOTTINGHAMSHIRE,42
54523,2021.0,9.0,England,NORFOLK,England,SOUTH YORKSHIRE,201
54524,2021.0,9.0,England,NORFOLK,England,STAFFORDSHIRE,2
54529,2021.0,9.0,England,NORFOLK,Scotland,CENTRAL,4
54530,2021.0,9.0,England,NORFOLK,Wales,MID GLAMORGAN,54
54534,2021.0,9.0,England,NORTHAMPTONSHIRE,England,CHESHIRE,6
54535,2021.0,9.0,England,NORTHAMPTONSHIRE,England,DEVON,287
54537,2021.0,9.0,England,NORTHAMPTONSHIRE,England,GLOUCESTERSHIRE,3
54538,2021.0,9.0,England,NORTHAMPTONSHIRE,England,HEREFORD & WORCESTER,55
54544,2021.0,9.0,England,NORTHAMPTONSHIRE,England,NORTH YORKSHIRE,34
54545,2021.0,9.0,England,NORTHAMPTONSHIRE,England,NOTTINGHAMSHIRE,3
54547,2021.0,9.0,England,NORTHAMPTONSHIRE,England,SHROPSHIRE,150
54548,2021.0,9.0,England,NORTHAMPTONSHIRE,England,SOUTH YORKSHIRE,33
54549,2021.0,9.0,England,NORTHAMPTONSHIRE,England,STAFFORDSHIRE,2
54551,2021.0,9.0,England,NORTHAMPTONSHIRE,England,WARWICKSHIRE,96
54552,2021.0,9.0,England,NORTHAMPTONSHIRE,England,WEST YORKSHIRE,13
54554,2021.0,9.0,England,NORTHAMPTONSHIRE,Wales,MID GLAMORGAN,35
54647,2021.0,9.0,England,OXFORDSHIRE,England,AVON,33
54650,2021.0,9.0,England,OXFORDSHIRE,England,CHESHIRE,23
54651,2021.0,9.0,England,OXFORDSHIRE,England,DURHAM,1
54652,2021.0,9.0,England,OXFORDSHIRE,England,GLOUCESTERSHIRE,67
54654,2021.0,9.0,England,OXFORDSHIRE,England,HEREFORD & WORCESTER,30
54655,2021.0,9.0,England,OXFORDSHIRE,England,LANCASHIRE,35
54661,2021.0,9.0,England,OXFORDSHIRE,England,SHROPSHIRE,24
54662,2021.0,9.0,England,OXFORDSHIRE,England,SOMERSET,41
54663,2021.0,9.0,England,OXFORDSHIRE,England,SOUTH YORKSHIRE,13
54664,2021.0,9.0,England,OXFORDSHIRE,England,STAFFORDSHIRE,21
54666,2021.0,9.0,England,OXFORDSHIRE,England,WARWICKSHIRE,66
54667,2021.0,9.0,England,OXFORDSHIRE,England,WILTSHIRE,201
54669,2021.0,9.0,England,OXFORDSHIRE,Wales,MID GLAMORGAN,178
54815,2021.0,9.0,England,SUFFOLK,England,HEREFORD & WORCESTER,1
54819,2021.0,9.0,England,SUFFOLK,England,NORTH YORKSHIRE,12
54820,2021.0,9.0,England,SUFFOLK,England,SOMERSET,17
54821,2021.0,9.0,England,SUFFOLK,England,SOUTH YORKSHIRE,25
54824,2021.0,9.0,England,SUFFOLK,England,WARWICKSHIRE,6
54826,2021.0,9.0,England,SUFFOLK,Wales,MID GLAMORGAN,17
54832,2021.0,9.0,England,SURREY,England,GLOUCESTERSHIRE,100
54837,2021.0,9.0,England,SURREY,England,SHROPSHIRE,2
54838,2021.0,9.0,England,SURREY,England,STAFFORDSHIRE,26
54841,2021.0,9.0,England,SURREY,England,WILTSHIRE,5
54843,2021.0,9.0,England,SURREY,Wales,MID GLAMORGAN,83
54895,2021.0,9.0,England,WEST SUSSEX,England,AVON,23
54898,2021.0,9.0,England,WEST SUSSEX,England,DEVON,1
54907,2021.0,9.0,England,WEST SUSSEX,England,SOMERSET,44
54910,2021.0,9.0,England,WEST SUSSEX,England,WILTSHIRE,31
55528,2021.0,10.0,England,BEDFORDSHIRE,England,HEREFORD & WORCESTER,22
55535,2021.0,10.0,England,BERKSHIRE,England,AVON,45
55539,2021.0,10.0,England,BERKSHIRE,England,CUMBRIA,4
55540,2021.0,10.0,England,BERKSHIRE,England,DORSET,1
55541,2021.0,10.0,England,BERKSHIRE,England,GLOUCESTERSHIRE,65
55543,2021.0,10.0,England,BERKSHIRE,England,HEREFORD & WORCESTER,8
55545,2021.0,10.0,England,BERKSHIRE,England,NOTTINGHAMSHIRE,1
55547,2021.0,10.0,England,BERKSHIRE,England,SOMERSET,9
55549,2021.0,10.0,England,BERKSHIRE,England,WILTSHIRE,37
55551,2021.0,10.0,England,BERKSHIRE,Wales,CLWYD,14
55552,2021.0,10.0,England,BERKSHIRE,Wales,MID GLAMORGAN,15
55553,2021.0,10.0,England,BUCKINGHAMSHIRE,England,AVON,6
55556,2021.0,10.0,England,BUCKINGHAMSHIRE,England,CUMBRIA,4
55557,2021.0,10.0,England,BUCKINGHAMSHIRE,England,GLOUCESTERSHIRE,11
55558,2021.0,10.0,England,BUCKINGHAMSHIRE,England,GREATER MANCHESTER,74
55560,2021.0,10.0,England,BUCKINGHAMSHIRE,England,HEREFORD & WORCESTER,1
55566,2021.0,10.0,England,BUCKINGHAMSHIRE,England,SHROPSHIRE,19
55567,2021.0,10.0,England,BUCKINGHAMSHIRE,England,SOUTH YORKSHIRE,36
55568,2021.0,10.0,England,BUCKINGHAMSHIRE,England,STAFFORDSHIRE,3
55570,2021.0,10.0,England,BUCKINGHAMSHIRE,England,WARWICKSHIRE,65
55574,2021.0,10.0,England,BUCKINGHAMSHIRE,Wales,MID GLAMORGAN,323
55575,2021.0,10.0,England,CAMBRIDGESHIRE,England,AVON,4
55579,2021.0,10.0,England,CAMBRIDGESHIRE,England,CHESHIRE,8
55580,2021.0,10.0,England,CAMBRIDGESHIRE,England,CORNWALL,10
55581,2021.0,10.0,England,CAMBRIDGESHIRE,England,CUMBRIA,20
55582,2021.0,10.0,England,CAMBRIDGESHIRE,England,DERBYSHIRE,40
55583,2021.0,10.0,England,CAMBRIDGESHIRE,England,DEVON,23
55584,2021.0,10.0,England,CAMBRIDGESHIRE,England,DURHAM,3
55586,2021.0,10.0,England,CAMBRIDGESHIRE,England,GLOUCESTERSHIRE,2
55587,2021.0,10.0,England,CAMBRIDGESHIRE,England,HEREFORD & WORCESTER,1
55590,2021.0,10.0,England,CAMBRIDGESHIRE,England,LANCASHIRE,1
55593,2021.0,10.0,England,CAMBRIDGESHIRE,England,MERSEYSIDE,5
55596,2021.0,10.0,England,CAMBRIDGESHIRE,England,NORTHUMBERLAND,5
55597,2021.0,10.0,England,CAMBRIDGESHIRE,England,NORTH YORKSHIRE,8
55598,2021.0,10.0,England,CAMBRIDGESHIRE,England,NOTTINGHAMSHIRE,3
55599,2021.0,10.0,England,CAMBRIDGESHIRE,England,SHROPSHIRE,58
55600,2021.0,10.0,England,CAMBRIDGESHIRE,England,SOMERSET,13
55601,2021.0,10.0,England,CAMBRIDGESHIRE,England,STAFFORDSHIRE,14
55605,2021.0,10.0,England,CAMBRIDGESHIRE,England,WEST YORKSHIRE,8
55606,2021.0,10.0,England,CAMBRIDGESHIRE,England,WILTSHIRE,1
55608,2021.0,10.0,England,CAMBRIDGESHIRE,Scotland,CENTRAL,2
55609,2021.0,10.0,England,CAMBRIDGESHIRE,Scotland,DUMFRIES & GALLOWAY,9
55610,2021.0,10.0,England,CAMBRIDGESHIRE,Scotland,FIFE,6
55611,2021.0,10.0,England,CAMBRIDGESHIRE,Scotland,STRATHCLYDE,15
55612,2021.0,10.0,England,CAMBRIDGESHIRE,Wales,CLWYD,4
55613,2021.0,10.0,England,CAMBRIDGESHIRE,Wales,DYFED,11
55614,2021.0,10.0,England,CAMBRIDGESHIRE,Wales,GWENT,4
55869,2021.0,10.0,England,EAST SUSSEX,England,AVON,18
55874,2021.0,10.0,England,EAST SUSSEX,England,CUMBRIA,54
55875,2021.0,10.0,England,EAST SUSSEX,England,DEVON,35
55877,2021.0,10.0,England,EAST SUSSEX,England,GLOUCESTERSHIRE,156
55883,2021.0,10.0,England,EAST SUSSEX,England,SHROPSHIRE,34
55884,2021.0,10.0,England,EAST SUSSEX,England,SOMERSET,50
55889,2021.0,10.0,England,EAST SUSSEX,Wales,MID GLAMORGAN,155
55892,2021.0,10.0,England,ESSEX,England,DURHAM,1
55895,2021.0,10.0,England,ESSEX,England,GREATER MANCHESTER,4
55896,2021.0,10.0,England,ESSEX,England,ISLE OF WIGHT,1
55902,2021.0,10.0,England,ESSEX,England,SOUTH YORKSHIRE,22
55905,2021.0,10.0,England,ESSEX,England,WARWICKSHIRE,94
55906,2021.0,10.0,England,ESSEX,England,WILTSHIRE,1
55908,2021.0,10.0,England,ESSEX,Wales,DYFED,2
55965,2021.0,10.0,England,HAMPSHIRE,England,AVON,182
55969,2021.0,10.0,England,HAMPSHIRE,England,DERBYSHIRE,19
55970,2021.0,10.0,England,HAMPSHIRE,England,DORSET,36
55971,2021.0,10.0,England,HAMPSHIRE,England,GLOUCESTERSHIRE,17
55973,2021.0,10.0,England,HAMPSHIRE,England,HEREFORD & WORCESTER,108
55974,2021.0,10.0,England,HAMPSHIRE,England,ISLE OF WIGHT,30
55979,2021.0,10.0,England,HAMPSHIRE,England,SHROPSHIRE,25
55980,2021.0,10.0,England,HAMPSHIRE,England,SOMERSET,394
55984,2021.0,10.0,England,HAMPSHIRE,England,WILTSHIRE,685
55986,2021.0,10.0,England,HAMPSHIRE,Wales,GWENT,22
56032,2021.0,10.0,England,HERTFORDSHIRE,England,CHESHIRE,4
56041,2021.0,10.0,England,HERTFORDSHIRE,England,WARWICKSHIRE,12
56043,2021.0,10.0,England,HERTFORDSHIRE,Scotland,CENTRAL,1
56044,2021.0,10.0,England,HERTFORDSHIRE,Wales,DYFED,2
56047,2021.0,10.0,England,HUMBERSIDE,England,CUMBRIA,19
56048,2021.0,10.0,England,HUMBERSIDE,England,DERBYSHIRE,1
56049,2021.0,10.0,England,HUMBERSIDE,England,DURHAM,1
56050,2021.0,10.0,England,HUMBERSIDE,England,GREATER MANCHESTER,16
56052,2021.0,10.0,England,HUMBERSIDE,England,LANCASHIRE,73
56055,2021.0,10.0,England,HUMBERSIDE,England,NORTH YORKSHIRE,"1,093"
56056,2021.0,10.0,England,HUMBERSIDE,England,SOUTH YORKSHIRE,97
56057,2021.0,10.0,England,HUMBERSIDE,England,WEST YORKSHIRE,62
56059,2021.0,10.0,England,HUMBERSIDE,Scotland,FIFE,30
56060,2021.0,10.0,England,HUMBERSIDE,Scotland,GRAMPIAN,50
56062,2021.0,10.0,England,HUMBERSIDE,Wales,CLWYD,3
56073,2021.0,10.0,England,KENT,England,AVON,5
56077,2021.0,10.0,England,KENT,England,DEVON,8
56078,2021.0,10.0,England,KENT,England,DURHAM,20
56081,2021.0,10.0,England,KENT,England,GLOUCESTERSHIRE,22
56083,2021.0,10.0,England,KENT,England,GREATER MANCHESTER,17
56085,2021.0,10.0,England,KENT,England,ISLE OF WIGHT,4
56089,2021.0,10.0,England,KENT,England,NORTH YORKSHIRE,87
56090,2021.0,10.0,England,KENT,England,NOTTINGHAMSHIRE,5
56091,2021.0,10.0,England,KENT,England,SHROPSHIRE,11
56092,2021.0,10.0,England,KENT,England,SOMERSET,7
56096,2021.0,10.0,England,KENT,England,WEST YORKSHIRE,1
56098,2021.0,10.0,England,KENT,Wales,MID GLAMORGAN,37
56133,2021.0,10.0,England,LEICESTERSHIRE,England,AVON,40
56137,2021.0,10.0,England,LEICESTERSHIRE,England,CHESHIRE,92
56138,2021.0,10.0,England,LEICESTERSHIRE,England,CORNWALL,50
56139,2021.0,10.0,England,LEICESTERSHIRE,England,CUMBRIA,6
56140,2021.0,10.0,England,LEICESTERSHIRE,England,DERBYSHIRE,213
56142,2021.0,10.0,England,LEICESTERSHIRE,England,GLOUCESTERSHIRE,3
56143,2021.0,10.0,England,LEICESTERSHIRE,England,GREATER MANCHESTER,2
56144,2021.0,10.0,England,LEICESTERSHIRE,England,HEREFORD & WORCESTER,137
56148,2021.0,10.0,England,LEICESTERSHIRE,England,LANCASHIRE,1
56153,2021.0,10.0,England,LEICESTERSHIRE,England,NORTH YORKSHIRE,299
56154,2021.0,10.0,England,LEICESTERSHIRE,England,NOTTINGHAMSHIRE,208
56156,2021.0,10.0,England,LEICESTERSHIRE,England,SHROPSHIRE,150
56157,2021.0,10.0,England,LEICESTERSHIRE,England,SOMERSET,85
56158,2021.0,10.0,England,LEICESTERSHIRE,England,SOUTH YORKSHIRE,162
56159,2021.0,10.0,England,LEICESTERSHIRE,England,STAFFORDSHIRE,192
56162,2021.0,10.0,England,LEICESTERSHIRE,England,WARWICKSHIRE,431
56163,2021.0,10.0,England,LEICESTERSHIRE,England,WEST MIDLANDS,29
56165,2021.0,10.0,England,LEICESTERSHIRE,England,WEST YORKSHIRE,1
56167,2021.0,10.0,England,LEICESTERSHIRE,Scotland,DUMFRIES & GALLOWAY,4
56168,2021.0,10.0,England,LEICESTERSHIRE,Scotland,GRAMPIAN,14
56169,2021.0,10.0,England,LEICESTERSHIRE,Scotland,STRATHCLYDE,3
56170,2021.0,10.0,England,LEICESTERSHIRE,Wales,DYFED,23
56171,2021.0,10.0,England,LEICESTERSHIRE,Wales,GWENT,2
56172,2021.0,10.0,England,LEICESTERSHIRE,Wales,MID GLAMORGAN,191
56174,2021.0,10.0,England,LINCOLNSHIRE,England,CHESHIRE,3
56175,2021.0,10.0,England,LINCOLNSHIRE,England,CUMBRIA,15
56176,2021.0,10.0,England,LINCOLNSHIRE,England,DERBYSHIRE,41
56177,2021.0,10.0,England,LINCOLNSHIRE,England,GREATER MANCHESTER,24
56178,2021.0,10.0,England,LINCOLNSHIRE,England,HEREFORD & WORCESTER,2
56180,2021.0,10.0,England,LINCOLNSHIRE,England,LANCASHIRE,6
56185,2021.0,10.0,England,LINCOLNSHIRE,England,NORTHUMBERLAND,1
56186,2021.0,10.0,England,LINCOLNSHIRE,England,NORTH YORKSHIRE,44
56187,2021.0,10.0,England,LINCOLNSHIRE,England,NOTTINGHAMSHIRE,15
56189,2021.0,10.0,England,LINCOLNSHIRE,England,SOUTH YORKSHIRE,302
56191,2021.0,10.0,England,LINCOLNSHIRE,England,WEST MIDLANDS,6
56192,2021.0,10.0,England,LINCOLNSHIRE,England,WEST YORKSHIRE,16
56194,2021.0,10.0,England,LINCOLNSHIRE,Scotland,DUMFRIES & GALLOWAY,3
56195,2021.0,10.0,England,LINCOLNSHIRE,Scotland,FIFE,54
56196,2021.0,10.0,England,LINCOLNSHIRE,Wales,POWYS,20
56212,2021.0,10.0,England,NORFOLK,England,LANCASHIRE,36
56216,2021.0,10.0,England,NORFOLK,England,NORTH YORKSHIRE,18
56217,2021.0,10.0,England,NORFOLK,England,NOTTINGHAMSHIRE,27
56218,2021.0,10.0,England,NORFOLK,England,SOMERSET,8
56219,2021.0,10.0,England,NORFOLK,England,SOUTH YORKSHIRE,140
56220,2021.0,10.0,England,NORFOLK,England,STAFFORDSHIRE,103
56223,2021.0,10.0,England,NORFOLK,England,WEST YORKSHIRE,20
56225,2021.0,10.0,England,NORFOLK,Wales,DYFED,1
56226,2021.0,10.0,England,NORFOLK,Wales,MID GLAMORGAN,34
56227,2021.0,10.0,England,NORTHAMPTONSHIRE,England,AVON,5
56231,2021.0,10.0,England,NORTHAMPTONSHIRE,England,CHESHIRE,16
56234,2021.0,10.0,England,NORTHAMPTONSHIRE,England,HEREFORD & WORCESTER,42
56235,2021.0,10.0,England,NORTHAMPTONSHIRE,England,LANCASHIRE,34
56240,2021.0,10.0,England,NORTHAMPTONSHIRE,England,NORTH YORKSHIRE,21
56241,2021.0,10.0,England,NORTHAMPTONSHIRE,England,NOTTINGHAMSHIRE,23
56243,2021.0,10.0,England,NORTHAMPTONSHIRE,England,SHROPSHIRE,149
56244,2021.0,10.0,England,NORTHAMPTONSHIRE,England,SOUTH YORKSHIRE,51
56245,2021.0,10.0,England,NORTHAMPTONSHIRE,England,STAFFORDSHIRE,4
56248,2021.0,10.0,England,NORTHAMPTONSHIRE,England,WARWICKSHIRE,137
56250,2021.0,10.0,England,NORTHAMPTONSHIRE,Scotland,CENTRAL,32
56251,2021.0,10.0,England,NORTHAMPTONSHIRE,Wales,MID GLAMORGAN,19
56252,2021.0,10.0,England,NORTHAMPTONSHIRE,Wales,POWYS,39
56353,2021.0,10.0,England,OXFORDSHIRE,England,AVON,64
56357,2021.0,10.0,England,OXFORDSHIRE,England,CHESHIRE,7
56358,2021.0,10.0,England,OXFORDSHIRE,England,CUMBRIA,5
56359,2021.0,10.0,England,OXFORDSHIRE,England,DEVON,1
56360,2021.0,10.0,England,OXFORDSHIRE,England,DORSET,20
56362,2021.0,10.0,England,OXFORDSHIRE,England,GLOUCESTERSHIRE,310
56363,2021.0,10.0,England,OXFORDSHIRE,England,HEREFORD & WORCESTER,68
56370,2021.0,10.0,England,OXFORDSHIRE,England,SHROPSHIRE,72
56371,2021.0,10.0,England,OXFORDSHIRE,England,SOMERSET,57
56372,2021.0,10.0,England,OXFORDSHIRE,England,SOUTH YORKSHIRE,40
56374,2021.0,10.0,England,OXFORDSHIRE,England,WARWICKSHIRE,62
56375,2021.0,10.0,England,OXFORDSHIRE,England,WILTSHIRE,172
56377,2021.0,10.0,England,OXFORDSHIRE,Wales,MID GLAMORGAN,113
56378,2021.0,10.0,England,OXFORDSHIRE,Wales,POWYS,1
56534,2021.0,10.0,England,SUFFOLK,England,DERBYSHIRE,1
56539,2021.0,10.0,England,SUFFOLK,England,NORTH YORKSHIRE,55
56540,2021.0,10.0,England,SUFFOLK,England,NOTTINGHAMSHIRE,5
56541,2021.0,10.0,England,SUFFOLK,England,SOUTH YORKSHIRE,33
56545,2021.0,10.0,England,SUFFOLK,Scotland,FIFE,25
56546,2021.0,10.0,England,SUFFOLK,Wales,MID GLAMORGAN,31
56552,2021.0,10.0,England,SURREY,England,GLOUCESTERSHIRE,15
56556,2021.0,10.0,England,SURREY,England,NORTH YORKSHIRE,60
56558,2021.0,10.0,England,SURREY,England,SOMERSET,3
56562,2021.0,10.0,England,SURREY,Scotland,CENTRAL,2
56614,2021.0,10.0,England,WEST SUSSEX,England,AVON,7
56618,2021.0,10.0,England,WEST SUSSEX,England,CORNWALL,30
56619,2021.0,10.0,England,WEST SUSSEX,England,DEVON,40
56620,2021.0,10.0,England,WEST SUSSEX,England,DORSET,8
56623,2021.0,10.0,England,WEST SUSSEX,England,GLOUCESTERSHIRE,14
56630,2021.0,10.0,England,WEST SUSSEX,England,SHROPSHIRE,2
56631,2021.0,10.0,England,WEST SUSSEX,England,SOMERSET,25
56632,2021.0,10.0,England,WEST SUSSEX,England,SOUTH YORKSHIRE,2
56633,2021.0,10.0,England,WEST SUSSEX,England,STAFFORDSHIRE,1
56637,2021.0,10.0,England,WEST SUSSEX,England,WILTSHIRE,92
56639,2021.0,10.0,England,WEST SUSSEX,Scotland,BORDERS,65
56640,2021.0,10.0,England,WEST SUSSEX,Wales,CLWYD,1
57298,2021.0,11.0,England,BEDFORDSHIRE,England,GLOUCESTERSHIRE,10
57305,2021.0,11.0,England,BEDFORDSHIRE,Wales,MID GLAMORGAN,35
57306,2021.0,11.0,England,BERKSHIRE,England,AVON,52
57310,2021.0,11.0,England,BERKSHIRE,England,DEVON,9
57311,2021.0,11.0,England,BERKSHIRE,England,GLOUCESTERSHIRE,75
57315,2021.0,11.0,England,BERKSHIRE,England,NORTH YORKSHIRE,1
57317,2021.0,11.0,England,BERKSHIRE,England,SOMERSET,11
57319,2021.0,11.0,England,BERKSHIRE,England,WARWICKSHIRE,1
57321,2021.0,11.0,England,BERKSHIRE,England,WILTSHIRE,11
57323,2021.0,11.0,England,BERKSHIRE,Wales,CLWYD,7
57324,2021.0,11.0,England,BERKSHIRE,Wales,MID GLAMORGAN,25
57326,2021.0,11.0,England,BUCKINGHAMSHIRE,England,AVON,18
57329,2021.0,11.0,England,BUCKINGHAMSHIRE,England,CHESHIRE,24
57330,2021.0,11.0,England,BUCKINGHAMSHIRE,England,CUMBRIA,1
57331,2021.0,11.0,England,BUCKINGHAMSHIRE,England,DORSET,1
57332,2021.0,11.0,England,BUCKINGHAMSHIRE,England,GLOUCESTERSHIRE,5
57334,2021.0,11.0,England,BUCKINGHAMSHIRE,England,GREATER MANCHESTER,165
57336,2021.0,11.0,England,BUCKINGHAMSHIRE,England,HEREFORD & WORCESTER,3
57343,2021.0,11.0,England,BUCKINGHAMSHIRE,England,SHROPSHIRE,11
57344,2021.0,11.0,England,BUCKINGHAMSHIRE,England,SOUTH YORKSHIRE,119
57345,2021.0,11.0,England,BUCKINGHAMSHIRE,England,STAFFORDSHIRE,9
57347,2021.0,11.0,England,BUCKINGHAMSHIRE,England,WARWICKSHIRE,54
57349,2021.0,11.0,England,BUCKINGHAMSHIRE,England,WILTSHIRE,1
57351,2021.0,11.0,England,BUCKINGHAMSHIRE,Wales,GWENT,12
57352,2021.0,11.0,England,BUCKINGHAMSHIRE,Wales,MID GLAMORGAN,217
57353,2021.0,11.0,England,BUCKINGHAMSHIRE,Wales,POWYS,1
57358,2021.0,11.0,England,CAMBRIDGESHIRE,England,DERBYSHIRE,5
57359,2021.0,11.0,England,CAMBRIDGESHIRE,England,DEVON,10
57361,2021.0,11.0,England,CAMBRIDGESHIRE,England,HEREFORD & WORCESTER,20
57367,2021.0,11.0,England,CAMBRIDGESHIRE,England,NORTH YORKSHIRE,13
57368,2021.0,11.0,England,CAMBRIDGESHIRE,England,NOTTINGHAMSHIRE,14
57370,2021.0,11.0,England,CAMBRIDGESHIRE,England,SHROPSHIRE,72
57371,2021.0,11.0,England,CAMBRIDGESHIRE,England,STAFFORDSHIRE,3
57373,2021.0,11.0,England,CAMBRIDGESHIRE,England,WARWICKSHIRE,8
57376,2021.0,11.0,England,CAMBRIDGESHIRE,Wales,MID GLAMORGAN,32
57377,2021.0,11.0,England,CAMBRIDGESHIRE,Wales,POWYS,76
57625,2021.0,11.0,England,EAST SUSSEX,England,AVON,47
57629,2021.0,11.0,England,EAST SUSSEX,England,DORSET,5
57632,2021.0,11.0,England,EAST SUSSEX,England,GLOUCESTERSHIRE,45
57638,2021.0,11.0,England,EAST SUSSEX,England,SOMERSET,64
57639,2021.0,11.0,England,EAST SUSSEX,England,STAFFORDSHIRE,5
57643,2021.0,11.0,England,EAST SUSSEX,England,WEST YORKSHIRE,19
57644,2021.0,11.0,England,EAST SUSSEX,England,WILTSHIRE,14
57646,2021.0,11.0,England,EAST SUSSEX,Wales,MID GLAMORGAN,83
57647,2021.0,11.0,England,EAST SUSSEX,Wales,POWYS,8
57650,2021.0,11.0,England,ESSEX,England,CHESHIRE,6
57651,2021.0,11.0,England,ESSEX,England,CUMBRIA,8
57654,2021.0,11.0,England,ESSEX,England,GREATER MANCHESTER,1
57660,2021.0,11.0,England,ESSEX,England,SOUTH YORKSHIRE,4
57663,2021.0,11.0,England,ESSEX,England,WARWICKSHIRE,66
57664,2021.0,11.0,England,ESSEX,England,WILTSHIRE,2
57666,2021.0,11.0,England,ESSEX,Wales,DYFED,8
57667,2021.0,11.0,England,ESSEX,Wales,MID GLAMORGAN,6
57668,2021.0,11.0,England,ESSEX,Wales,POWYS,3
57704,2021.0,11.0,England,GREATER LONDON,England,AVON,17
57708,2021.0,11.0,England,GREATER LONDON,England,SOUTH YORKSHIRE,1
57726,2021.0,11.0,England,HAMPSHIRE,England,AVON,277
57730,2021.0,11.0,England,HAMPSHIRE,England,CHESHIRE,12
57731,2021.0,11.0,England,HAMPSHIRE,England,DEVON,47
57732,2021.0,11.0,England,HAMPSHIRE,England,DORSET,1
57734,2021.0,11.0,England,HAMPSHIRE,England,GLOUCESTERSHIRE,48
57736,2021.0,11.0,England,HAMPSHIRE,England,HEREFORD & WORCESTER,30
57737,2021.0,11.0,England,HAMPSHIRE,England,ISLE OF WIGHT,58
57742,2021.0,11.0,England,HAMPSHIRE,England,SOMERSET,458
57743,2021.0,11.0,England,HAMPSHIRE,England,STAFFORDSHIRE,2
57746,2021.0,11.0,England,HAMPSHIRE,England,WILTSHIRE,"1,102"
57748,2021.0,11.0,England,HAMPSHIRE,Scotland,DUMFRIES & GALLOWAY,8
57750,2021.0,11.0,England,HAMPSHIRE,Wales,MID GLAMORGAN,1
57751,2021.0,11.0,England,HAMPSHIRE,Wales,POWYS,3
57789,2021.0,11.0,England,HERTFORDSHIRE,England,CHESHIRE,4
57797,2021.0,11.0,England,HERTFORDSHIRE,England,NORTH YORKSHIRE,1
57799,2021.0,11.0,England,HERTFORDSHIRE,England,SOUTH YORKSHIRE,12
57802,2021.0,11.0,England,HERTFORDSHIRE,England,WARWICKSHIRE,12
57804,2021.0,11.0,England,HERTFORDSHIRE,Wales,POWYS,2
57805,2021.0,11.0,England,HUMBERSIDE,England,CUMBRIA,178
57806,2021.0,11.0,England,HUMBERSIDE,England,DERBYSHIRE,14
57807,2021.0,11.0,England,HUMBERSIDE,England,DURHAM,50
57809,2021.0,11.0,England,HUMBERSIDE,England,LANCASHIRE,58
57813,2021.0,11.0,England,HUMBERSIDE,England,NORTH YORKSHIRE,"1,230"
57814,2021.0,11.0,England,HUMBERSIDE,England,NOTTINGHAMSHIRE,205
57815,2021.0,11.0,England,HUMBERSIDE,England,SHROPSHIRE,44
57816,2021.0,11.0,England,HUMBERSIDE,England,SOUTH YORKSHIRE,108
57817,2021.0,11.0,England,HUMBERSIDE,England,WEST YORKSHIRE,80
57819,2021.0,11.0,England,HUMBERSIDE,Scotland,DUMFRIES & GALLOWAY,10
57820,2021.0,11.0,England,HUMBERSIDE,Scotland,FIFE,3
57821,2021.0,11.0,England,HUMBERSIDE,Scotland,GRAMPIAN,50
57822,2021.0,11.0,England,HUMBERSIDE,Wales,POWYS,88
57830,2021.0,11.0,England,KENT,England,AVON,7
57834,2021.0,11.0,England,KENT,England,CORNWALL,10
57835,2021.0,11.0,England,KENT,England,DEVON,63
57836,2021.0,11.0,England,KENT,England,DURHAM,4
57839,2021.0,11.0,England,KENT,England,GLOUCESTERSHIRE,8
57841,2021.0,11.0,England,KENT,England,GREATER MANCHESTER,77
57847,2021.0,11.0,England,KENT,England,NORTH YORKSHIRE,20
57848,2021.0,11.0,England,KENT,England,SOMERSET,8
57851,2021.0,11.0,England,KENT,England,WARWICKSHIRE,10
57854,2021.0,11.0,England,KENT,Scotland,DUMFRIES & GALLOWAY,11
57856,2021.0,11.0,England,KENT,Wales,MID GLAMORGAN,37
57857,2021.0,11.0,England,KENT,Wales,POWYS,40
57889,2021.0,11.0,England,LEICESTERSHIRE,England,AVON,64
57893,2021.0,11.0,England,LEICESTERSHIRE,England,CHESHIRE,55
57894,2021.0,11.0,England,LEICESTERSHIRE,England,CUMBRIA,32
57895,2021.0,11.0,England,LEICESTERSHIRE,England,DERBYSHIRE,232
57897,2021.0,11.0,England,LEICESTERSHIRE,England,GLOUCESTERSHIRE,28
57898,2021.0,11.0,England,LEICESTERSHIRE,England,GREATER MANCHESTER,8
57899,2021.0,11.0,England,LEICESTERSHIRE,England,HEREFORD & WORCESTER,47
57903,2021.0,11.0,England,LEICESTERSHIRE,England,LANCASHIRE,86
57908,2021.0,11.0,England,LEICESTERSHIRE,England,NORTH YORKSHIRE,121
57909,2021.0,11.0,England,LEICESTERSHIRE,England,NOTTINGHAMSHIRE,251
57911,2021.0,11.0,England,LEICESTERSHIRE,England,SHROPSHIRE,162
57912,2021.0,11.0,England,LEICESTERSHIRE,England,SOMERSET,93
57913,2021.0,11.0,England,LEICESTERSHIRE,England,SOUTH YORKSHIRE,128
57914,2021.0,11.0,England,LEICESTERSHIRE,England,STAFFORDSHIRE,175
57917,2021.0,11.0,England,LEICESTERSHIRE,England,WARWICKSHIRE,666
57918,2021.0,11.0,England,LEICESTERSHIRE,England,WEST MIDLANDS,51
57920,2021.0,11.0,England,LEICESTERSHIRE,England,WEST YORKSHIRE,3
57923,2021.0,11.0,England,LEICESTERSHIRE,Wales,MID GLAMORGAN,210
57925,2021.0,11.0,England,LINCOLNSHIRE,England,DERBYSHIRE,38
57926,2021.0,11.0,England,LINCOLNSHIRE,England,GREATER MANCHESTER,17
57928,2021.0,11.0,England,LINCOLNSHIRE,England,LANCASHIRE,6
57933,2021.0,11.0,England,LINCOLNSHIRE,England,NORTH YORKSHIRE,105
57934,2021.0,11.0,England,LINCOLNSHIRE,England,NOTTINGHAMSHIRE,60
57935,2021.0,11.0,England,LINCOLNSHIRE,England,SHROPSHIRE,62
57936,2021.0,11.0,England,LINCOLNSHIRE,England,SOUTH YORKSHIRE,330
57937,2021.0,11.0,England,LINCOLNSHIRE,England,STAFFORDSHIRE,22
57939,2021.0,11.0,England,LINCOLNSHIRE,England,WARWICKSHIRE,3
57940,2021.0,11.0,England,LINCOLNSHIRE,England,WEST MIDLANDS,1
57941,2021.0,11.0,England,LINCOLNSHIRE,England,WEST YORKSHIRE,37
57943,2021.0,11.0,England,LINCOLNSHIRE,Scotland,CENTRAL,1
57945,2021.0,11.0,England,LINCOLNSHIRE,Wales,GWENT,5
57946,2021.0,11.0,England,LINCOLNSHIRE,Wales,MID GLAMORGAN,21
57947,2021.0,11.0,England,LINCOLNSHIRE,Wales,POWYS,2
57958,2021.0,11.0,England,NORFOLK,England,AVON,38
57962,2021.0,11.0,England,NORFOLK,England,DURHAM,21
57964,2021.0,11.0,England,NORFOLK,England,GREATER MANCHESTER,20
57968,2021.0,11.0,England,NORFOLK,England,LANCASHIRE,35
57973,2021.0,11.0,England,NORFOLK,England,NORTH YORKSHIRE,63
57974,2021.0,11.0,England,NORFOLK,England,NOTTINGHAMSHIRE,5
57976,2021.0,11.0,England,NORFOLK,England,SOUTH YORKSHIRE,233
57979,2021.0,11.0,England,NORFOLK,England,WILTSHIRE,2
57981,2021.0,11.0,England,NORFOLK,Scotland,FIFE,28
57982,2021.0,11.0,England,NORFOLK,Wales,MID GLAMORGAN,45
57983,2021.0,11.0,England,NORTHAMPTONSHIRE,England,AVON,3
57987,2021.0,11.0,England,NORTHAMPTONSHIRE,England,CHESHIRE,28
57988,2021.0,11.0,England,NORTHAMPTONSHIRE,England,CUMBRIA,35
57989,2021.0,11.0,England,NORTHAMPTONSHIRE,England,DERBYSHIRE,11
57991,2021.0,11.0,England,NORTHAMPTONSHIRE,England,GLOUCESTERSHIRE,54
57992,2021.0,11.0,England,NORTHAMPTONSHIRE,England,HEREFORD & WORCESTER,2
57993,2021.0,11.0,England,NORTHAMPTONSHIRE,England,LANCASHIRE,34
57998,2021.0,11.0,England,NORTHAMPTONSHIRE,England,NOTTINGHAMSHIRE,1
58000,2021.0,11.0,England,NORTHAMPTONSHIRE,England,SHROPSHIRE,232
58001,2021.0,11.0,England,NORTHAMPTONSHIRE,England,SOUTH YORKSHIRE,114
58002,2021.0,11.0,England,NORTHAMPTONSHIRE,England,STAFFORDSHIRE,3
58005,2021.0,11.0,England,NORTHAMPTONSHIRE,England,WARWICKSHIRE,287
58006,2021.0,11.0,England,NORTHAMPTONSHIRE,England,WEST YORKSHIRE,3
58008,2021.0,11.0,England,NORTHAMPTONSHIRE,Wales,GWYNEDD,10
58009,2021.0,11.0,England,NORTHAMPTONSHIRE,Wales,MID GLAMORGAN,11
58109,2021.0,11.0,England,OXFORDSHIRE,England,AVON,59
58113,2021.0,11.0,England,OXFORDSHIRE,England,CHESHIRE,27
58114,2021.0,11.0,England,OXFORDSHIRE,England,CORNWALL,42
58115,2021.0,11.0,England,OXFORDSHIRE,England,DERBYSHIRE,16
58116,2021.0,11.0,England,OXFORDSHIRE,England,DORSET,4
58119,2021.0,11.0,England,OXFORDSHIRE,England,GLOUCESTERSHIRE,167
58121,2021.0,11.0,England,OXFORDSHIRE,England,HEREFORD & WORCESTER,113
58124,2021.0,11.0,England,OXFORDSHIRE,England,LANCASHIRE,13
58129,2021.0,11.0,England,OXFORDSHIRE,England,NORTH YORKSHIRE,74
58131,2021.0,11.0,England,OXFORDSHIRE,England,SHROPSHIRE,27
58132,2021.0,11.0,England,OXFORDSHIRE,England,SOMERSET,57
58133,2021.0,11.0,England,OXFORDSHIRE,England,SOUTH YORKSHIRE,75
58134,2021.0,11.0,England,OXFORDSHIRE,England,STAFFORDSHIRE,44
58136,2021.0,11.0,England,OXFORDSHIRE,England,WARWICKSHIRE,98
58138,2021.0,11.0,England,OXFORDSHIRE,England,WILTSHIRE,139
58140,2021.0,11.0,England,OXFORDSHIRE,Wales,CLWYD,14
58141,2021.0,11.0,England,OXFORDSHIRE,Wales,MID GLAMORGAN,107
58289,2021.0,11.0,England,SUFFOLK,England,LANCASHIRE,50
58293,2021.0,11.0,England,SUFFOLK,England,NORTH YORKSHIRE,23
58294,2021.0,11.0,England,SUFFOLK,England,SOUTH YORKSHIRE,41
58297,2021.0,11.0,England,SUFFOLK,England,WARWICKSHIRE,1
58299,2021.0,11.0,England,SUFFOLK,England,WEST YORKSHIRE,4
58301,2021.0,11.0,England,SUFFOLK,Wales,MID GLAMORGAN,87
58304,2021.0,11.0,England,SURREY,England,DEVON,36
58306,2021.0,11.0,England,SURREY,England,GLOUCESTERSHIRE,13
58311,2021.0,11.0,England,SURREY,England,SOMERSET,33
58314,2021.0,11.0,England,SURREY,England,WILTSHIRE,13
58316,2021.0,11.0,England,SURREY,Wales,MID GLAMORGAN,73
58368,2021.0,11.0,England,WEST SUSSEX,England,AVON,10
58373,2021.0,11.0,England,WEST SUSSEX,England,CHESHIRE,20
58374,2021.0,11.0,England,WEST SUSSEX,England,DEVON,4
58377,2021.0,11.0,England,WEST SUSSEX,England,GLOUCESTERSHIRE,37
58383,2021.0,11.0,England,WEST SUSSEX,England,NORTH YORKSHIRE,5
58385,2021.0,11.0,England,WEST SUSSEX,England,SHROPSHIRE,16
58386,2021.0,11.0,England,WEST SUSSEX,England,SOMERSET,16
58390,2021.0,11.0,England,WEST SUSSEX,England,WILTSHIRE,51
59027,2021.0,12.0,England,BERKSHIRE,England,AVON,60
59030,2021.0,12.0,England,BERKSHIRE,England,GLOUCESTERSHIRE,29
59036,2021.0,12.0,England,BERKSHIRE,England,WARWICKSHIRE,1
59037,2021.0,12.0,England,BERKSHIRE,England,WILTSHIRE,2
59039,2021.0,12.0,England,BERKSHIRE,Wales,CLWYD,1
59040,2021.0,12.0,England,BERKSHIRE,Wales,MID GLAMORGAN,26
59042,2021.0,12.0,England,BUCKINGHAMSHIRE,England,AVON,22
59045,2021.0,12.0,England,BUCKINGHAMSHIRE,England,CHESHIRE,10
59046,2021.0,12.0,England,BUCKINGHAMSHIRE,England,CUMBRIA,1
59047,2021.0,12.0,England,BUCKINGHAMSHIRE,England,DERBYSHIRE,3
59048,2021.0,12.0,England,BUCKINGHAMSHIRE,England,DEVON,1
59049,2021.0,12.0,England,BUCKINGHAMSHIRE,England,GLOUCESTERSHIRE,58
59051,2021.0,12.0,England,BUCKINGHAMSHIRE,England,GREATER MANCHESTER,161
59056,2021.0,12.0,England,BUCKINGHAMSHIRE,England,NORTH YORKSHIRE,25
59058,2021.0,12.0,England,BUCKINGHAMSHIRE,England,SHROPSHIRE,5
59059,2021.0,12.0,England,BUCKINGHAMSHIRE,England,SOUTH YORKSHIRE,26
59060,2021.0,12.0,England,BUCKINGHAMSHIRE,England,STAFFORDSHIRE,133
59063,2021.0,12.0,England,BUCKINGHAMSHIRE,England,WARWICKSHIRE,16
59066,2021.0,12.0,England,BUCKINGHAMSHIRE,Wales,MID GLAMORGAN,202
59067,2021.0,12.0,England,CAMBRIDGESHIRE,England,AVON,12
59070,2021.0,12.0,England,CAMBRIDGESHIRE,England,CUMBRIA,2
59071,2021.0,12.0,England,CAMBRIDGESHIRE,England,DORSET,1
59078,2021.0,12.0,England,CAMBRIDGESHIRE,England,NORTH YORKSHIRE,1
59080,2021.0,12.0,England,CAMBRIDGESHIRE,England,SHROPSHIRE,76
59081,2021.0,12.0,England,CAMBRIDGESHIRE,England,SOUTH YORKSHIRE,5
59083,2021.0,12.0,England,CAMBRIDGESHIRE,England,WARWICKSHIRE,3
59084,2021.0,12.0,England,CAMBRIDGESHIRE,England,WILTSHIRE,9
59309,2021.0,12.0,England,EAST SUSSEX,England,AVON,59
59315,2021.0,12.0,England,EAST SUSSEX,England,GLOUCESTERSHIRE,69
59322,2021.0,12.0,England,EAST SUSSEX,England,SOMERSET,1
59326,2021.0,12.0,England,EAST SUSSEX,Wales,MID GLAMORGAN,187
59328,2021.0,12.0,England,ESSEX,England,AVON,12
59336,2021.0,12.0,England,ESSEX,England,NOTTINGHAMSHIRE,1
59338,2021.0,12.0,England,ESSEX,England,SOMERSET,12
59341,2021.0,12.0,England,ESSEX,England,WARWICKSHIRE,27
59343,2021.0,12.0,England,ESSEX,Wales,MID GLAMORGAN,20
59397,2021.0,12.0,England,HAMPSHIRE,England,AVON,221
59401,2021.0,12.0,England,HAMPSHIRE,England,CORNWALL,12
59402,2021.0,12.0,England,HAMPSHIRE,England,CUMBRIA,1
59403,2021.0,12.0,England,HAMPSHIRE,England,DEVON,2
59404,2021.0,12.0,England,HAMPSHIRE,England,DORSET,25
59405,2021.0,12.0,England,HAMPSHIRE,England,GLOUCESTERSHIRE,7
59407,2021.0,12.0,England,HAMPSHIRE,England,HEREFORD & WORCESTER,51
59408,2021.0,12.0,England,HAMPSHIRE,England,LANCASHIRE,31
59413,2021.0,12.0,England,HAMPSHIRE,England,NORTH YORKSHIRE,1
59414,2021.0,12.0,England,HAMPSHIRE,England,NOTTINGHAMSHIRE,33
59416,2021.0,12.0,England,HAMPSHIRE,England,SHROPSHIRE,1
59417,2021.0,12.0,England,HAMPSHIRE,England,SOMERSET,155
59418,2021.0,12.0,England,HAMPSHIRE,England,SOUTH YORKSHIRE,5
59419,2021.0,12.0,England,HAMPSHIRE,England,STAFFORDSHIRE,19
59422,2021.0,12.0,England,HAMPSHIRE,England,WILTSHIRE,331
59424,2021.0,12.0,England,HAMPSHIRE,Scotland,DUMFRIES & GALLOWAY,3
59425,2021.0,12.0,England,HAMPSHIRE,Wales,MID GLAMORGAN,15
59466,2021.0,12.0,England,HERTFORDSHIRE,England,DEVON,4
59468,2021.0,12.0,England,HERTFORDSHIRE,England,GREATER MANCHESTER,2
59475,2021.0,12.0,England,HERTFORDSHIRE,England,SHROPSHIRE,2
59479,2021.0,12.0,England,HUMBERSIDE,England,CUMBRIA,3
59480,2021.0,12.0,England,HUMBERSIDE,England,DURHAM,13
59482,2021.0,12.0,England,HUMBERSIDE,England,LANCASHIRE,81
59485,2021.0,12.0,England,HUMBERSIDE,England,NORTHUMBERLAND,18
59486,2021.0,12.0,England,HUMBERSIDE,England,NORTH YORKSHIRE,904
59487,2021.0,12.0,England,HUMBERSIDE,England,NOTTINGHAMSHIRE,5
59488,2021.0,12.0,England,HUMBERSIDE,England,SHROPSHIRE,26
59489,2021.0,12.0,England,HUMBERSIDE,England,SOUTH YORKSHIRE,43
59490,2021.0,12.0,England,HUMBERSIDE,England,WEST YORKSHIRE,34
59492,2021.0,12.0,England,HUMBERSIDE,Scotland,GRAMPIAN,50
59493,2021.0,12.0,England,HUMBERSIDE,Scotland,STRATHCLYDE,6
59495,2021.0,12.0,England,HUMBERSIDE,Wales,POWYS,5
59504,2021.0,12.0,England,KENT,England,AVON,4
59508,2021.0,12.0,England,KENT,England,DERBYSHIRE,1
59509,2021.0,12.0,England,KENT,England,DEVON,4
59512,2021.0,12.0,England,KENT,England,GLOUCESTERSHIRE,7
59514,2021.0,12.0,England,KENT,England,GREATER MANCHESTER,18
59519,2021.0,12.0,England,KENT,England,NORTH YORKSHIRE,13
59521,2021.0,12.0,England,KENT,England,SHROPSHIRE,16
59522,2021.0,12.0,England,KENT,England,SOMERSET,1
59526,2021.0,12.0,England,KENT,Wales,MID GLAMORGAN,37
59560,2021.0,12.0,England,LEICESTERSHIRE,England,AVON,58
59565,2021.0,12.0,England,LEICESTERSHIRE,England,CHESHIRE,8
59566,2021.0,12.0,England,LEICESTERSHIRE,England,DERBYSHIRE,75
59567,2021.0,12.0,England,LEICESTERSHIRE,England,HEREFORD & WORCESTER,51
59570,2021.0,12.0,England,LEICESTERSHIRE,England,LANCASHIRE,40
59575,2021.0,12.0,England,LEICESTERSHIRE,England,NORTH YORKSHIRE,66
59576,2021.0,12.0,England,LEICESTERSHIRE,England,NOTTINGHAMSHIRE,139
59578,2021.0,12.0,England,LEICESTERSHIRE,England,SHROPSHIRE,158
59579,2021.0,12.0,England,LEICESTERSHIRE,England,SOMERSET,38
59580,2021.0,12.0,England,LEICESTERSHIRE,England,SOUTH YORKSHIRE,124
59581,2021.0,12.0,England,LEICESTERSHIRE,England,STAFFORDSHIRE,158
59584,2021.0,12.0,England,LEICESTERSHIRE,England,WARWICKSHIRE,315
59585,2021.0,12.0,England,LEICESTERSHIRE,England,WEST MIDLANDS,4
59587,2021.0,12.0,England,LEICESTERSHIRE,England,WEST YORKSHIRE,24
59589,2021.0,12.0,England,LEICESTERSHIRE,Wales,MID GLAMORGAN,162
59592,2021.0,12.0,England,LINCOLNSHIRE,England,CORNWALL,1
59593,2021.0,12.0,England,LINCOLNSHIRE,England,CUMBRIA,2
59594,2021.0,12.0,England,LINCOLNSHIRE,England,DERBYSHIRE,37
59595,2021.0,12.0,England,LINCOLNSHIRE,England,DEVON,178
59596,2021.0,12.0,England,LINCOLNSHIRE,England,DORSET,1
59597,2021.0,12.0,England,LINCOLNSHIRE,England,GREATER MANCHESTER,17
59602,2021.0,12.0,England,LINCOLNSHIRE,England,NORTHUMBERLAND,1
59603,2021.0,12.0,England,LINCOLNSHIRE,England,NORTH YORKSHIRE,73
59604,2021.0,12.0,England,LINCOLNSHIRE,England,NOTTINGHAMSHIRE,6
59606,2021.0,12.0,England,LINCOLNSHIRE,England,SHROPSHIRE,9
59607,2021.0,12.0,England,LINCOLNSHIRE,England,SOUTH YORKSHIRE,211
59608,2021.0,12.0,England,LINCOLNSHIRE,England,STAFFORDSHIRE,9
59610,2021.0,12.0,England,LINCOLNSHIRE,England,WEST MIDLANDS,10
59611,2021.0,12.0,England,LINCOLNSHIRE,England,WEST YORKSHIRE,1
59613,2021.0,12.0,England,LINCOLNSHIRE,Scotland,BORDERS,1
59626,2021.0,12.0,England,NORFOLK,England,CHESHIRE,2
59627,2021.0,12.0,England,NORFOLK,England,CUMBRIA,1
59629,2021.0,12.0,England,NORFOLK,England,GREATER MANCHESTER,12
59635,2021.0,12.0,England,NORFOLK,England,NORTH YORKSHIRE,9
59636,2021.0,12.0,England,NORFOLK,England,SHROPSHIRE,10
59637,2021.0,12.0,England,NORFOLK,England,SOUTH YORKSHIRE,216
59638,2021.0,12.0,England,NORFOLK,England,STAFFORDSHIRE,3
59642,2021.0,12.0,England,NORFOLK,Wales,MID GLAMORGAN,24
59643,2021.0,12.0,England,NORTHAMPTONSHIRE,England,AVON,1
59648,2021.0,12.0,England,NORTHAMPTONSHIRE,England,GLOUCESTERSHIRE,8
59649,2021.0,12.0,England,NORTHAMPTONSHIRE,England,HEREFORD & WORCESTER,10
59650,2021.0,12.0,England,NORTHAMPTONSHIRE,England,LANCASHIRE,50
59655,2021.0,12.0,England,NORTHAMPTONSHIRE,England,NORTH YORKSHIRE,12
59656,2021.0,12.0,England,NORTHAMPTONSHIRE,England,NOTTINGHAMSHIRE,14
59658,2021.0,12.0,England,NORTHAMPTONSHIRE,England,SHROPSHIRE,42
59659,2021.0,12.0,England,NORTHAMPTONSHIRE,England,SOMERSET,4
59660,2021.0,12.0,England,NORTHAMPTONSHIRE,England,SOUTH YORKSHIRE,111
59661,2021.0,12.0,England,NORTHAMPTONSHIRE,England,STAFFORDSHIRE,8
59663,2021.0,12.0,England,NORTHAMPTONSHIRE,England,WARWICKSHIRE,100
59665,2021.0,12.0,England,NORTHAMPTONSHIRE,Wales,MID GLAMORGAN,9
59742,2021.0,12.0,England,OXFORDSHIRE,England,AVON,25
59745,2021.0,12.0,England,OXFORDSHIRE,England,CHESHIRE,3
59746,2021.0,12.0,England,OXFORDSHIRE,England,CORNWALL,2
59747,2021.0,12.0,England,OXFORDSHIRE,England,DEVON,1
59748,2021.0,12.0,England,OXFORDSHIRE,England,DORSET,12
59749,2021.0,12.0,England,OXFORDSHIRE,England,GLOUCESTERSHIRE,63
59751,2021.0,12.0,England,OXFORDSHIRE,England,HEREFORD & WORCESTER,52
59756,2021.0,12.0,England,OXFORDSHIRE,England,NORTH YORKSHIRE,10
59757,2021.0,12.0,England,OXFORDSHIRE,England,NOTTINGHAMSHIRE,18
59759,2021.0,12.0,England,OXFORDSHIRE,England,SHROPSHIRE,41
59760,2021.0,12.0,England,OXFORDSHIRE,England,SOMERSET,10
59761,2021.0,12.0,England,OXFORDSHIRE,England,SOUTH YORKSHIRE,24
59763,2021.0,12.0,England,OXFORDSHIRE,England,WARWICKSHIRE,84
59764,2021.0,12.0,England,OXFORDSHIRE,England,WILTSHIRE,95
59766,2021.0,12.0,England,OXFORDSHIRE,Wales,MID GLAMORGAN,83
59767,2021.0,12.0,England,OXFORDSHIRE,Wales,SHROPSHIRE,5
59918,2021.0,12.0,England,SUFFOLK,England,CLEVELAND,40
59923,2021.0,12.0,England,SUFFOLK,England,NORTH YORKSHIRE,44
59924,2021.0,12.0,England,SUFFOLK,England,SOMERSET,1
59925,2021.0,12.0,England,SUFFOLK,England,SOUTH YORKSHIRE,104
59929,2021.0,12.0,England,SUFFOLK,Wales,MID GLAMORGAN,29
59932,2021.0,12.0,England,SURREY,England,DEVON,15
59935,2021.0,12.0,England,SURREY,England,GLOUCESTERSHIRE,16
59941,2021.0,12.0,England,SURREY,England,WILTSHIRE,14
59994,2021.0,12.0,England,WEST SUSSEX,England,AVON,2
60005,2021.0,12.0,England,WEST SUSSEX,England,SHROPSHIRE,17
60006,2021.0,12.0,England,WEST SUSSEX,England,SOMERSET,24
60009,2021.0,12.0,England,WEST SUSSEX,England,WILTSHIRE,6
60011,2021.0,12.0,England,WEST SUSSEX,Scotland,NORTHUMBERLAND,4
60012,2021.0,12.0,England,WEST SUSSEX,Wales,CLWYD,4
