,Year,Month,Best CPH Country (Dep),OnCounty,Best CPH Country (Dest),OffCounty,Movements,Animals
27218,2023,4,England,BEDFORDSHIRE,England,WARWICKSHIRE,1,275
27219,2023,4,England,BEDFORDSHIRE,Wales,POWYS (NORTH & SOUTH),2,968
27220,2023,4,England,BERKSHIRE,England,DORSET,1,229
27223,2023,4,England,BERKSHIRE,England,WARWICKSHIRE,1,4
27224,2023,4,England,BERKSHIRE,England,WILTSHIRE,3,18
27225,2023,4,England,BERKSHIRE,Wales,DYFED,1,118
27226,2023,4,England,BERKSHIRE,Wales,MID GLAMORGAN,1,69
27228,2023,4,England,BUCKINGHAMSHIRE,England,DERBYSHIRE,3,99
27232,2023,4,England,BUCKINGHAMSHIRE,England,WARWICKSHIRE,27,"1,030"
27233,2023,4,England,BUCKINGHAMSHIRE,England,WILTSHIRE,1,7
27234,2023,4,England,BUCKINGHAMSHIRE,Wales,MID GLAMORGAN,5,330
27235,2023,4,England,BUCKINGHAMSHIRE,Wales,POWYS (NORTH & SOUTH),1,159
27241,2023,4,England,CAMBRIDGESHIRE,England,WARWICKSHIRE,3,178
27330,2023,4,England,EAST SUSSEX,England,DORSET,3,465
27333,2023,4,England,EAST SUSSEX,England,WEST MIDLANDS,1,518
27338,2023,4,England,ESSEX,Wales,POWYS (NORTH & SOUTH),2,83
27360,2023,4,England,HAMPSHIRE,England,DORSET,11,563
27363,2023,4,England,HAMPSHIRE,England,SOMERSET,1,8
27364,2023,4,England,HAMPSHIRE,England,WARWICKSHIRE,1,20
27365,2023,4,England,HAMPSHIRE,England,WEST MIDLANDS,1,192
27367,2023,4,England,HAMPSHIRE,England,WILTSHIRE,11,200
27368,2023,4,England,HAMPSHIRE,Wales,DYFED,2,137
27369,2023,4,England,HAMPSHIRE,Wales,POWYS (NORTH & SOUTH),9,"1,761"
27395,2023,4,England,HERTFORD,Wales,MID GLAMORGAN,6,462
27397,2023,4,England,HUMBERSIDE,England,LANCASHIRE,1,23
27398,2023,4,England,HUMBERSIDE,England,SOUTH YORKSHIRE,3,34
27399,2023,4,England,HUMBERSIDE,England,WEST MIDLANDS,3,125
27400,2023,4,England,HUMBERSIDE,England,WEST YORKSHIRE,2,44
27409,2023,4,England,KENT,England,WARWICKSHIRE,6,"1,065"
27411,2023,4,England,KENT,Wales,DYFED,2,561
27425,2023,4,England,LEICESTER,England,DERBYSHIRE,43,"1,642"
27428,2023,4,England,LEICESTER,England,NOTTINGHAMSHIRE,1,5
27429,2023,4,England,LEICESTER,England,SHROPSHIRE,18,"3,333"
27430,2023,4,England,LEICESTER,England,STAFFORDSHIRE,29,899
27431,2023,4,England,LEICESTER,England,WARWICKSHIRE,34,"1,918"
27432,2023,4,England,LEICESTER,England,WEST MIDLANDS,17,"1,046"
27433,2023,4,England,LEICESTER,England,WEST YORKSHIRE,3,67
27434,2023,4,England,LEICESTER,Wales,CLWYD,2,84
27435,2023,4,England,LEICESTER,Wales,POWYS (NORTH & SOUTH),4,323
27436,2023,4,England,LINCOLNSHIRE,England,DERBYSHIRE,10,796
27440,2023,4,England,LINCOLNSHIRE,England,SOUTH YORKSHIRE,5,14
27441,2023,4,England,LINCOLNSHIRE,England,WARWICKSHIRE,8,989
27442,2023,4,England,LINCOLNSHIRE,England,WEST MIDLANDS,1,168
27443,2023,4,England,LINCOLNSHIRE,Wales,POWYS (NORTH & SOUTH),1,26
27449,2023,4,England,NORFOLK,England,DERBYSHIRE,2,345
27450,2023,4,England,NORFOLK,England,LANCASHIRE,1,299
27453,2023,4,England,NORFOLK,Wales,DYFED,1,136
27454,2023,4,England,NORFOLK,Wales,MID GLAMORGAN,6,423
27455,2023,4,England,NORFOLK,Wales,POWYS (NORTH & SOUTH),3,868
27458,2023,4,England,NORTHAMPTONSHIRE,England,CORNWALL,6,"1,374"
27459,2023,4,England,NORTHAMPTONSHIRE,England,DERBYSHIRE,8,446
27462,2023,4,England,NORTHAMPTONSHIRE,England,LANCASHIRE,16,408
27465,2023,4,England,NORTHAMPTONSHIRE,England,SHROPSHIRE,2,327
27466,2023,4,England,NORTHAMPTONSHIRE,England,SOMERSET,9,"1,422"
27467,2023,4,England,NORTHAMPTONSHIRE,England,STAFFORDSHIRE,12,536
27468,2023,4,England,NORTHAMPTONSHIRE,England,WARWICKSHIRE,46,"1,468"
27469,2023,4,England,NORTHAMPTONSHIRE,England,WEST MIDLANDS,20,"3,744"
27470,2023,4,England,NORTHAMPTONSHIRE,Wales,CLWYD,2,35
27471,2023,4,England,NORTHAMPTONSHIRE,Wales,MID GLAMORGAN,4,879
27472,2023,4,England,NORTHAMPTONSHIRE,Wales,POWYS (NORTH & SOUTH),5,291
27513,2023,4,England,OXFORDSHIRE,England,DERBYSHIRE,7,117
27519,2023,4,England,OXFORDSHIRE,England,SHROPSHIRE,8,"1,173"
27520,2023,4,England,OXFORDSHIRE,England,WARWICKSHIRE,47,"1,391"
27521,2023,4,England,OXFORDSHIRE,England,WEST MIDLANDS,2,92
27522,2023,4,England,OXFORDSHIRE,England,WILTSHIRE,7,129
27523,2023,4,England,OXFORDSHIRE,Wales,DYFED,1,76
27524,2023,4,England,OXFORDSHIRE,Wales,MID GLAMORGAN,3,194
27525,2023,4,England,OXFORDSHIRE,Wales,POWYS (NORTH & SOUTH),1,63
27585,2023,4,England,SUFFOLK,England,STAFFORDSHIRE,1,1
27586,2023,4,England,SUFFOLK,Wales,POWYS (NORTH & SOUTH),20,"6,930"
27587,2023,4,England,SURREY,England,DORSET,4,296
27591,2023,4,England,SURREY,Wales,DYFED,3,898
27606,2023,4,England,WEST SUSSEX,England,DORSET,23,"2,443"
27609,2023,4,England,WEST SUSSEX,England,WEST MIDLANDS,4,"1,126"
27611,2023,4,England,WEST SUSSEX,Wales,POWYS (NORTH & SOUTH),1,178
27738,2023,5,England,BEDFORDSHIRE,England,WARWICKSHIRE,2,61
27739,2023,5,England,BEDFORDSHIRE,Wales,POWYS (NORTH & SOUTH),2,131
27740,2023,5,England,BERKSHIRE,England,DORSET,1,16
27743,2023,5,England,BERKSHIRE,England,WILTSHIRE,4,16
27744,2023,5,England,BERKSHIRE,Wales,DYFED,1,156
27745,2023,5,England,BERKSHIRE,Wales,MID GLAMORGAN,1,199
27746,2023,5,England,BERKSHIRE,Wales,POWYS (NORTH & SOUTH),1,50
27748,2023,5,England,BUCKINGHAMSHIRE,England,DERBYSHIRE,4,37
27752,2023,5,England,BUCKINGHAMSHIRE,England,WARWICKSHIRE,26,691
27753,2023,5,England,BUCKINGHAMSHIRE,England,WEST MIDLANDS,1,40
27754,2023,5,England,BUCKINGHAMSHIRE,England,WILTSHIRE,1,11
27755,2023,5,England,BUCKINGHAMSHIRE,Wales,DYFED,1,76
27756,2023,5,England,BUCKINGHAMSHIRE,Wales,MID GLAMORGAN,9,830
27764,2023,5,England,CAMBRIDGESHIRE,England,WARWICKSHIRE,1,42
27850,2023,5,England,EAST SUSSEX,England,DORSET,3,207
27853,2023,5,England,EAST SUSSEX,England,WEST MIDLANDS,2,233
27855,2023,5,England,EAST SUSSEX,Wales,MID GLAMORGAN,1,505
27880,2023,5,England,HAMPSHIRE,England,DORSET,16,845
27882,2023,5,England,HAMPSHIRE,England,SOMERSET,1,15
27884,2023,5,England,HAMPSHIRE,England,WILTSHIRE,16,351
27885,2023,5,England,HAMPSHIRE,Wales,DYFED,1,78
27886,2023,5,England,HAMPSHIRE,Wales,POWYS (NORTH & SOUTH),6,935
27909,2023,5,England,HERTFORD,England,WARWICKSHIRE,1,8
27910,2023,5,England,HERTFORD,Wales,MID GLAMORGAN,2,214
27911,2023,5,England,HERTFORD,Wales,POWYS (NORTH & SOUTH),3,266
27914,2023,5,England,HUMBERSIDE,England,SOUTH YORKSHIRE,2,4
27915,2023,5,England,HUMBERSIDE,England,WEST MIDLANDS,1,3
27916,2023,5,England,HUMBERSIDE,England,WEST YORKSHIRE,5,63
27920,2023,5,England,KENT,England,DORSET,1,41
27925,2023,5,England,KENT,England,WARWICKSHIRE,7,857
27926,2023,5,England,KENT,England,WEST MIDLANDS,1,228
27928,2023,5,England,KENT,Wales,DYFED,1,202
27941,2023,5,England,LEICESTER,England,DERBYSHIRE,58,"1,964"
27944,2023,5,England,LEICESTER,England,SHROPSHIRE,27,"1,951"
27945,2023,5,England,LEICESTER,England,STAFFORDSHIRE,38,"1,028"
27946,2023,5,England,LEICESTER,England,WARWICKSHIRE,40,"2,646"
27947,2023,5,England,LEICESTER,England,WEST MIDLANDS,16,613
27948,2023,5,England,LEICESTER,England,WEST YORKSHIRE,2,30
27949,2023,5,England,LEICESTER,Wales,CLWYD,5,763
27950,2023,5,England,LEICESTER,Wales,DYFED,3,265
27951,2023,5,England,LEICESTER,Wales,POWYS (NORTH & SOUTH),11,563
27952,2023,5,England,LINCOLNSHIRE,England,DERBYSHIRE,13,886
27956,2023,5,England,LINCOLNSHIRE,England,SOUTH YORKSHIRE,8,27
27957,2023,5,England,LINCOLNSHIRE,England,WARWICKSHIRE,7,871
27958,2023,5,England,LINCOLNSHIRE,England,WEST YORKSHIRE,1,23
27959,2023,5,England,LINCOLNSHIRE,Wales,POWYS (NORTH & SOUTH),1,31
27966,2023,5,England,NORFOLK,Wales,DYFED,2,355
27967,2023,5,England,NORFOLK,Wales,MID GLAMORGAN,5,395
27968,2023,5,England,NORFOLK,Wales,POWYS (NORTH & SOUTH),3,428
27971,2023,5,England,NORTHAMPTONSHIRE,England,CORNWALL,6,905
27972,2023,5,England,NORTHAMPTONSHIRE,England,DERBYSHIRE,5,272
27975,2023,5,England,NORTHAMPTONSHIRE,England,LANCASHIRE,15,274
27979,2023,5,England,NORTHAMPTONSHIRE,England,SHROPSHIRE,10,"1,094"
27980,2023,5,England,NORTHAMPTONSHIRE,England,SOMERSET,10,"1,943"
27981,2023,5,England,NORTHAMPTONSHIRE,England,STAFFORDSHIRE,9,487
27982,2023,5,England,NORTHAMPTONSHIRE,England,WARWICKSHIRE,78,"3,297"
27983,2023,5,England,NORTHAMPTONSHIRE,England,WEST MIDLANDS,26,"4,396"
27984,2023,5,England,NORTHAMPTONSHIRE,Wales,CLWYD,5,605
27985,2023,5,England,NORTHAMPTONSHIRE,Wales,MID GLAMORGAN,12,"2,742"
27986,2023,5,England,NORTHAMPTONSHIRE,Wales,POWYS (NORTH & SOUTH),12,526
28025,2023,5,England,OXFORDSHIRE,England,DERBYSHIRE,3,23
28030,2023,5,England,OXFORDSHIRE,England,SHROPSHIRE,11,"1,060"
28031,2023,5,England,OXFORDSHIRE,England,WARWICKSHIRE,47,"1,729"
28032,2023,5,England,OXFORDSHIRE,England,WILTSHIRE,3,11
28033,2023,5,England,OXFORDSHIRE,Wales,CLWYD,1,472
28034,2023,5,England,OXFORDSHIRE,Wales,MID GLAMORGAN,3,206
28094,2023,5,England,SUFFOLK,Wales,POWYS (NORTH & SOUTH),17,"7,385"
28095,2023,5,England,SURREY,England,DORSET,1,104
28099,2023,5,England,SURREY,Wales,DYFED,3,735
28113,2023,5,England,WEST SUSSEX,England,DORSET,12,"1,634"
28116,2023,5,England,WEST SUSSEX,England,WEST MIDLANDS,2,855
28241,2023,6,England,BEDFORDSHIRE,England,WARWICKSHIRE,3,73
28242,2023,6,England,BEDFORDSHIRE,England,WEST YORKSHIRE,1,200
28243,2023,6,England,BEDFORDSHIRE,Wales,MID GLAMORGAN,5,229
28244,2023,6,England,BEDFORDSHIRE,Wales,POWYS (NORTH & SOUTH),3,87
28245,2023,6,England,BERKSHIRE,England,DORSET,1,102
28248,2023,6,England,BERKSHIRE,England,WILTSHIRE,4,18
28249,2023,6,England,BERKSHIRE,Wales,MID GLAMORGAN,1,306
28250,2023,6,England,BERKSHIRE,Wales,POWYS (NORTH & SOUTH),1,77
28252,2023,6,England,BUCKINGHAMSHIRE,England,DERBYSHIRE,2,69
28257,2023,6,England,BUCKINGHAMSHIRE,England,STAFFORDSHIRE,1,29
28258,2023,6,England,BUCKINGHAMSHIRE,England,WARWICKSHIRE,30,963
28259,2023,6,England,BUCKINGHAMSHIRE,England,WILTSHIRE,3,31
28260,2023,6,England,BUCKINGHAMSHIRE,Wales,DYFED,1,65
28261,2023,6,England,BUCKINGHAMSHIRE,Wales,MID GLAMORGAN,24,"1,276"
28269,2023,6,England,CAMBRIDGESHIRE,England,WARWICKSHIRE,2,60
28270,2023,6,England,CAMBRIDGESHIRE,Wales,POWYS (NORTH & SOUTH),1,152
28360,2023,6,England,EAST SUSSEX,England,DORSET,5,469
28363,2023,6,England,EAST SUSSEX,England,WARWICKSHIRE,1,4
28389,2023,6,England,HAMPSHIRE,England,DORSET,18,523
28392,2023,6,England,HAMPSHIRE,England,SOMERSET,1,4
28394,2023,6,England,HAMPSHIRE,England,WILTSHIRE,13,388
28395,2023,6,England,HAMPSHIRE,Wales,DYFED,1,19
28396,2023,6,England,HAMPSHIRE,Wales,POWYS (NORTH & SOUTH),2,245
28420,2023,6,England,HERTFORD,Wales,MID GLAMORGAN,1,10
28421,2023,6,England,HERTFORD,Wales,POWYS (NORTH & SOUTH),4,759
28423,2023,6,England,HUMBERSIDE,England,SOUTH YORKSHIRE,2,8
28424,2023,6,England,HUMBERSIDE,England,WEST YORKSHIRE,9,131
28431,2023,6,England,KENT,England,WARWICKSHIRE,3,313
28444,2023,6,England,LEICESTER,England,DERBYSHIRE,45,"1,551"
28447,2023,6,England,LEICESTER,England,SHROPSHIRE,21,"2,006"
28448,2023,6,England,LEICESTER,England,STAFFORDSHIRE,34,905
28449,2023,6,England,LEICESTER,England,WARWICKSHIRE,51,"3,279"
28450,2023,6,England,LEICESTER,England,WEST MIDLANDS,3,593
28451,2023,6,England,LEICESTER,Wales,CLWYD,3,336
28452,2023,6,England,LEICESTER,Wales,DYFED,3,309
28453,2023,6,England,LEICESTER,Wales,MID GLAMORGAN,1,43
28454,2023,6,England,LEICESTER,Wales,POWYS (NORTH & SOUTH),20,"2,184"
28455,2023,6,England,LINCOLNSHIRE,England,DERBYSHIRE,10,796
28457,2023,6,England,LINCOLNSHIRE,England,LANCASHIRE,2,176
28461,2023,6,England,LINCOLNSHIRE,England,SOUTH YORKSHIRE,7,20
28462,2023,6,England,LINCOLNSHIRE,England,WARWICKSHIRE,8,"1,315"
28463,2023,6,England,LINCOLNSHIRE,England,WEST YORKSHIRE,7,240
28464,2023,6,England,LINCOLNSHIRE,Wales,POWYS (NORTH & SOUTH),7,941
28470,2023,6,England,NORFOLK,Wales,MID GLAMORGAN,5,294
28471,2023,6,England,NORFOLK,Wales,POWYS (NORTH & SOUTH),4,868
28474,2023,6,England,NORTHAMPTONSHIRE,England,CORNWALL,5,804
28475,2023,6,England,NORTHAMPTONSHIRE,England,DERBYSHIRE,5,272
28476,2023,6,England,NORTHAMPTONSHIRE,England,DORSET,4,"2,095"
28480,2023,6,England,NORTHAMPTONSHIRE,England,LANCASHIRE,28,"1,320"
28483,2023,6,England,NORTHAMPTONSHIRE,England,SHROPSHIRE,9,690
28484,2023,6,England,NORTHAMPTONSHIRE,England,SOMERSET,10,"2,208"
28485,2023,6,England,NORTHAMPTONSHIRE,England,STAFFORDSHIRE,13,"2,034"
28486,2023,6,England,NORTHAMPTONSHIRE,England,WARWICKSHIRE,138,"7,119"
28487,2023,6,England,NORTHAMPTONSHIRE,England,WEST MIDLANDS,24,"5,812"
28488,2023,6,England,NORTHAMPTONSHIRE,Wales,CLWYD,7,"1,317"
28489,2023,6,England,NORTHAMPTONSHIRE,Wales,MID GLAMORGAN,15,"2,449"
28490,2023,6,England,NORTHAMPTONSHIRE,Wales,POWYS (NORTH & SOUTH),18,"1,552"
28530,2023,6,England,OXFORDSHIRE,England,DERBYSHIRE,2,17
28533,2023,6,England,OXFORDSHIRE,England,SHROPSHIRE,5,361
28534,2023,6,England,OXFORDSHIRE,England,WARWICKSHIRE,67,"2,270"
28535,2023,6,England,OXFORDSHIRE,England,WILTSHIRE,4,16
28536,2023,6,England,OXFORDSHIRE,Wales,CLWYD,2,443
28537,2023,6,England,OXFORDSHIRE,Wales,MID GLAMORGAN,6,711
28538,2023,6,England,OXFORDSHIRE,Wales,POWYS (NORTH & SOUTH),1,126
28596,2023,6,England,SUFFOLK,Wales,POWYS (NORTH & SOUTH),4,760
28597,2023,6,England,SURREY,England,DORSET,3,166
28600,2023,6,England,SURREY,England,WEST MIDLANDS,1,62
28602,2023,6,England,SURREY,Wales,DYFED,1,373
28618,2023,6,England,WEST SUSSEX,England,DERBYSHIRE,1,20
28619,2023,6,England,WEST SUSSEX,England,DORSET,16,"2,287"
28623,2023,6,England,WEST SUSSEX,England,WEST MIDLANDS,5,"1,924"
28757,2023,7,England,BEDFORDSHIRE,England,WARWICKSHIRE,3,63
28758,2023,7,England,BEDFORDSHIRE,Wales,MID GLAMORGAN,2,57
28759,2023,7,England,BEDFORDSHIRE,Wales,POWYS (NORTH & SOUTH),3,65
28760,2023,7,England,BERKSHIRE,England,DORSET,1,120
28762,2023,7,England,BERKSHIRE,England,WARWICKSHIRE,1,38
28763,2023,7,England,BERKSHIRE,England,WILTSHIRE,5,191
28764,2023,7,England,BERKSHIRE,Wales,DYFED,1,54
28765,2023,7,England,BERKSHIRE,Wales,MID GLAMORGAN,1,105
28767,2023,7,England,BUCKINGHAMSHIRE,England,DERBYSHIRE,4,109
28773,2023,7,England,BUCKINGHAMSHIRE,England,WARWICKSHIRE,35,"1,636"
28774,2023,7,England,BUCKINGHAMSHIRE,England,WILTSHIRE,2,15
28775,2023,7,England,BUCKINGHAMSHIRE,Wales,DYFED,1,77
28776,2023,7,England,BUCKINGHAMSHIRE,Wales,MID GLAMORGAN,8,452
28783,2023,7,England,CAMBRIDGESHIRE,England,WARWICKSHIRE,2,65
28784,2023,7,England,CAMBRIDGESHIRE,Wales,DYFED,3,89
28785,2023,7,England,CAMBRIDGESHIRE,Wales,POWYS (NORTH & SOUTH),2,108
28873,2023,7,England,EAST SUSSEX,England,DORSET,14,691
28904,2023,7,England,HAMPSHIRE,England,DORSET,27,531
28907,2023,7,England,HAMPSHIRE,England,SOMERSET,1,4
28908,2023,7,England,HAMPSHIRE,England,WARWICKSHIRE,1,77
28909,2023,7,England,HAMPSHIRE,England,WILTSHIRE,9,164
28910,2023,7,England,HAMPSHIRE,Wales,DYFED,2,187
28934,2023,7,England,HERTFORD,Wales,POWYS (NORTH & SOUTH),4,635
28935,2023,7,England,HUMBERSIDE,England,DURHAM,1,8
28937,2023,7,England,HUMBERSIDE,England,LANCASHIRE,2,50
28939,2023,7,England,HUMBERSIDE,England,SOUTH YORKSHIRE,6,52
28940,2023,7,England,HUMBERSIDE,England,WEST YORKSHIRE,7,104
28949,2023,7,England,KENT,England,WARWICKSHIRE,1,74
28961,2023,7,England,LEICESTER,England,DERBYSHIRE,46,"1,897"
28965,2023,7,England,LEICESTER,England,SHROPSHIRE,13,"1,095"
28966,2023,7,England,LEICESTER,England,STAFFORDSHIRE,37,827
28967,2023,7,England,LEICESTER,England,WARWICKSHIRE,72,"4,516"
28968,2023,7,England,LEICESTER,England,WEST MIDLANDS,3,240
28969,2023,7,England,LEICESTER,Wales,CLWYD,4,219
28970,2023,7,England,LEICESTER,Wales,DYFED,4,376
28971,2023,7,England,LEICESTER,Wales,POWYS (NORTH & SOUTH),29,"2,141"
28972,2023,7,England,LINCOLNSHIRE,England,DERBYSHIRE,11,716
28974,2023,7,England,LINCOLNSHIRE,England,LANCASHIRE,2,104
28978,2023,7,England,LINCOLNSHIRE,England,SOUTH YORKSHIRE,3,4
28979,2023,7,England,LINCOLNSHIRE,England,STAFFORDSHIRE,7,467
28980,2023,7,England,LINCOLNSHIRE,England,WARWICKSHIRE,7,"1,125"
28981,2023,7,England,LINCOLNSHIRE,England,WEST YORKSHIRE,7,261
28982,2023,7,England,LINCOLNSHIRE,Wales,POWYS (NORTH & SOUTH),7,"1,018"
28988,2023,7,England,NORFOLK,England,DERBYSHIRE,1,18
28989,2023,7,England,NORFOLK,England,LANCASHIRE,1,193
28991,2023,7,England,NORFOLK,England,WARWICKSHIRE,1,58
28992,2023,7,England,NORFOLK,Wales,MID GLAMORGAN,1,107
28993,2023,7,England,NORFOLK,Wales,POWYS (NORTH & SOUTH),1,118
28996,2023,7,England,NORTHAMPTONSHIRE,England,CORNWALL,7,"1,253"
28997,2023,7,England,NORTHAMPTONSHIRE,England,DERBYSHIRE,15,557
28998,2023,7,England,NORTHAMPTONSHIRE,England,DORSET,9,"3,059"
29002,2023,7,England,NORTHAMPTONSHIRE,England,LANCASHIRE,36,"1,193"
29006,2023,7,England,NORTHAMPTONSHIRE,England,SHROPSHIRE,6,654
29007,2023,7,England,NORTHAMPTONSHIRE,England,SOMERSET,10,"2,162"
29008,2023,7,England,NORTHAMPTONSHIRE,England,STAFFORDSHIRE,9,884
29009,2023,7,England,NORTHAMPTONSHIRE,England,WARWICKSHIRE,149,"6,547"
29010,2023,7,England,NORTHAMPTONSHIRE,England,WEST MIDLANDS,35,"7,038"
29011,2023,7,England,NORTHAMPTONSHIRE,Wales,CLWYD,5,418
29012,2023,7,England,NORTHAMPTONSHIRE,Wales,MID GLAMORGAN,10,"2,115"
29013,2023,7,England,NORTHAMPTONSHIRE,Wales,POWYS (NORTH & SOUTH),15,"1,265"
29052,2023,7,England,OXFORDSHIRE,England,DERBYSHIRE,3,193
29053,2023,7,England,OXFORDSHIRE,England,DORSET,1,192
29058,2023,7,England,OXFORDSHIRE,England,SHROPSHIRE,9,696
29059,2023,7,England,OXFORDSHIRE,England,SOMERSET,1,5
29060,2023,7,England,OXFORDSHIRE,England,WARWICKSHIRE,71,"1,513"
29061,2023,7,England,OXFORDSHIRE,England,WILTSHIRE,4,23
29062,2023,7,England,OXFORDSHIRE,Wales,MID GLAMORGAN,3,724
29119,2023,7,England,SUFFOLK,Wales,DYFED,7,574
29120,2023,7,England,SUFFOLK,Wales,POWYS (NORTH & SOUTH),4,555
29121,2023,7,England,SURREY,England,DORSET,5,200
29140,2023,7,England,WEST SUSSEX,England,DORSET,30,"2,309"
29261,2023,8,England,BEDFORDSHIRE,England,WARWICKSHIRE,1,39
29262,2023,8,England,BEDFORDSHIRE,Wales,MID GLAMORGAN,1,18
29263,2023,8,England,BEDFORDSHIRE,Wales,POWYS (NORTH & SOUTH),1,11
29264,2023,8,England,BERKSHIRE,England,DORSET,2,100
29267,2023,8,England,BERKSHIRE,England,WARWICKSHIRE,1,44
29268,2023,8,England,BERKSHIRE,England,WILTSHIRE,1,9
29270,2023,8,England,BUCKINGHAMSHIRE,England,DERBYSHIRE,3,177
29271,2023,8,England,BUCKINGHAMSHIRE,England,DORSET,1,50
29277,2023,8,England,BUCKINGHAMSHIRE,England,WARWICKSHIRE,40,"1,865"
29278,2023,8,England,BUCKINGHAMSHIRE,England,WILTSHIRE,1,9
29279,2023,8,England,BUCKINGHAMSHIRE,Wales,MID GLAMORGAN,6,289
29286,2023,8,England,CAMBRIDGESHIRE,England,WARWICKSHIRE,3,77
29287,2023,8,England,CAMBRIDGESHIRE,Wales,DYFED,1,30
29361,2023,8,England,EAST SUSSEX,England,DORSET,6,324
29390,2023,8,England,HAMPSHIRE,England,DORSET,23,958
29393,2023,8,England,HAMPSHIRE,England,WILTSHIRE,12,263
29415,2023,8,England,HERTFORD,England,CORNWALL,2,5
29418,2023,8,England,HERTFORD,Wales,MID GLAMORGAN,1,23
29420,2023,8,England,HUMBERSIDE,England,LANCASHIRE,1,52
29422,2023,8,England,HUMBERSIDE,England,SOUTH YORKSHIRE,6,47
29423,2023,8,England,HUMBERSIDE,England,WEST YORKSHIRE,4,22
29441,2023,8,England,LEICESTER,England,DERBYSHIRE,54,"2,067"
29442,2023,8,England,LEICESTER,England,DORSET,1,120
29445,2023,8,England,LEICESTER,England,SHROPSHIRE,11,"1,135"
29446,2023,8,England,LEICESTER,England,STAFFORDSHIRE,44,"1,094"
29447,2023,8,England,LEICESTER,England,WARWICKSHIRE,81,"4,230"
29448,2023,8,England,LEICESTER,England,WEST MIDLANDS,4,378
29449,2023,8,England,LEICESTER,England,WEST YORKSHIRE,1,27
29450,2023,8,England,LEICESTER,Wales,CLWYD,5,183
29451,2023,8,England,LEICESTER,Wales,DYFED,4,463
29452,2023,8,England,LEICESTER,Wales,POWYS (NORTH & SOUTH),21,"1,509"
29453,2023,8,England,LINCOLNSHIRE,England,DERBYSHIRE,7,446
29455,2023,8,England,LINCOLNSHIRE,England,LANCASHIRE,4,241
29459,2023,8,England,LINCOLNSHIRE,England,SOUTH YORKSHIRE,6,18
29460,2023,8,England,LINCOLNSHIRE,England,STAFFORDSHIRE,4,294
29461,2023,8,England,LINCOLNSHIRE,England,WARWICKSHIRE,8,"1,228"
29462,2023,8,England,LINCOLNSHIRE,England,WEST YORKSHIRE,6,99
29463,2023,8,England,LINCOLNSHIRE,Wales,POWYS (NORTH & SOUTH),5,406
29470,2023,8,England,NORFOLK,England,WARWICKSHIRE,2,102
29471,2023,8,England,NORFOLK,Wales,POWYS (NORTH & SOUTH),2,264
29474,2023,8,England,NORTHAMPTONSHIRE,England,CORNWALL,15,"1,223"
29475,2023,8,England,NORTHAMPTONSHIRE,England,DERBYSHIRE,10,502
29476,2023,8,England,NORTHAMPTONSHIRE,England,DORSET,6,"1,758"
29480,2023,8,England,NORTHAMPTONSHIRE,England,LANCASHIRE,45,"1,112"
29484,2023,8,England,NORTHAMPTONSHIRE,England,SHROPSHIRE,3,304
29485,2023,8,England,NORTHAMPTONSHIRE,England,SOMERSET,11,"2,037"
29486,2023,8,England,NORTHAMPTONSHIRE,England,STAFFORDSHIRE,5,341
29487,2023,8,England,NORTHAMPTONSHIRE,England,WARWICKSHIRE,117,"4,406"
29488,2023,8,England,NORTHAMPTONSHIRE,England,WEST MIDLANDS,24,"3,357"
29489,2023,8,England,NORTHAMPTONSHIRE,Wales,CLWYD,4,406
29490,2023,8,England,NORTHAMPTONSHIRE,Wales,MID GLAMORGAN,9,"1,876"
29491,2023,8,England,NORTHAMPTONSHIRE,Wales,POWYS (NORTH & SOUTH),13,655
29532,2023,8,England,OXFORDSHIRE,England,DERBYSHIRE,4,101
29533,2023,8,England,OXFORDSHIRE,England,DORSET,4,411
29537,2023,8,England,OXFORDSHIRE,England,SHROPSHIRE,3,132
29538,2023,8,England,OXFORDSHIRE,England,WARWICKSHIRE,73,"1,743"
29539,2023,8,England,OXFORDSHIRE,England,WILTSHIRE,3,13
29540,2023,8,England,OXFORDSHIRE,Wales,DYFED,2,92
29541,2023,8,England,OXFORDSHIRE,Wales,MID GLAMORGAN,8,"1,114"
29589,2023,8,England,SUFFOLK,Wales,DYFED,5,261
29590,2023,8,England,SUFFOLK,Wales,POWYS (NORTH & SOUTH),2,205
29591,2023,8,England,SURREY,England,DORSET,7,272
29607,2023,8,England,WEST SUSSEX,England,DORSET,33,"2,134"
29732,2023,9,England,BEDFORDSHIRE,England,WARWICKSHIRE,1,43
29733,2023,9,England,BEDFORDSHIRE,Wales,MID GLAMORGAN,1,119
29736,2023,9,England,BERKSHIRE,England,WARWICKSHIRE,2,9
29737,2023,9,England,BERKSHIRE,England,WILTSHIRE,7,180
29738,2023,9,England,BERKSHIRE,Wales,DYFED,1,40
29740,2023,9,England,BUCKINGHAMSHIRE,England,DORSET,1,81
29747,2023,9,England,BUCKINGHAMSHIRE,England,WARWICKSHIRE,31,"1,333"
29748,2023,9,England,BUCKINGHAMSHIRE,England,WILTSHIRE,2,7
29749,2023,9,England,BUCKINGHAMSHIRE,Wales,MID GLAMORGAN,8,599
29752,2023,9,England,CAMBRIDGESHIRE,England,DORSET,1,79
29757,2023,9,England,CAMBRIDGESHIRE,England,WARWICKSHIRE,2,65
29830,2023,9,England,EAST SUSSEX,England,DORSET,4,209
29858,2023,9,England,HAMPSHIRE,England,CORNWALL,2,166
29859,2023,9,England,HAMPSHIRE,England,DORSET,14,231
29863,2023,9,England,HAMPSHIRE,England,WILTSHIRE,15,243
29864,2023,9,England,HAMPSHIRE,Wales,DYFED,1,103
29884,2023,9,England,HERTFORD,England,DERBYSHIRE,1,152
29886,2023,9,England,HERTFORD,Wales,MID GLAMORGAN,1,46
29888,2023,9,England,HUMBERSIDE,England,LANCASHIRE,1,26
29890,2023,9,England,HUMBERSIDE,England,SOUTH YORKSHIRE,9,64
29891,2023,9,England,HUMBERSIDE,England,WEST MIDLANDS,1,98
29892,2023,9,England,HUMBERSIDE,England,WEST YORKSHIRE,3,36
29914,2023,9,England,LEICESTER,England,DERBYSHIRE,50,"2,068"
29915,2023,9,England,LEICESTER,England,DORSET,1,78
29920,2023,9,England,LEICESTER,England,NOTTINGHAMSHIRE,1,5
29921,2023,9,England,LEICESTER,England,SHROPSHIRE,5,286
29922,2023,9,England,LEICESTER,England,STAFFORDSHIRE,28,668
29923,2023,9,England,LEICESTER,England,WARWICKSHIRE,70,"3,955"
29924,2023,9,England,LEICESTER,England,WEST MIDLANDS,8,554
29925,2023,9,England,LEICESTER,England,WEST YORKSHIRE,1,27
29926,2023,9,England,LEICESTER,Wales,CLWYD,1,71
29927,2023,9,England,LEICESTER,Wales,DYFED,5,464
29928,2023,9,England,LEICESTER,Wales,POWYS (NORTH & SOUTH),21,"1,169"
29929,2023,9,England,LINCOLNSHIRE,England,DERBYSHIRE,2,253
29931,2023,9,England,LINCOLNSHIRE,England,LANCASHIRE,1,94
29935,2023,9,England,LINCOLNSHIRE,England,SOUTH YORKSHIRE,6,24
29936,2023,9,England,LINCOLNSHIRE,England,STAFFORDSHIRE,4,313
29937,2023,9,England,LINCOLNSHIRE,England,WARWICKSHIRE,9,995
29938,2023,9,England,LINCOLNSHIRE,England,WEST YORKSHIRE,1,42
29939,2023,9,England,LINCOLNSHIRE,Wales,POWYS (NORTH & SOUTH),3,167
29944,2023,9,England,NORFOLK,England,WARWICKSHIRE,1,40
29945,2023,9,England,NORFOLK,Wales,DYFED,1,143
29946,2023,9,England,NORFOLK,Wales,POWYS (NORTH & SOUTH),2,183
29948,2023,9,England,NORTHAMPTONSHIRE,England,CORNWALL,11,"1,176"
29949,2023,9,England,NORTHAMPTONSHIRE,England,DERBYSHIRE,2,106
29950,2023,9,England,NORTHAMPTONSHIRE,England,DORSET,12,"3,444"
29954,2023,9,England,NORTHAMPTONSHIRE,England,LANCASHIRE,33,762
29958,2023,9,England,NORTHAMPTONSHIRE,England,SHROPSHIRE,7,358
29959,2023,9,England,NORTHAMPTONSHIRE,England,SOMERSET,9,"2,039"
29960,2023,9,England,NORTHAMPTONSHIRE,England,STAFFORDSHIRE,11,941
29961,2023,9,England,NORTHAMPTONSHIRE,England,WARWICKSHIRE,113,"3,734"
29962,2023,9,England,NORTHAMPTONSHIRE,England,WEST MIDLANDS,6,"1,512"
29963,2023,9,England,NORTHAMPTONSHIRE,Wales,CLWYD,4,215
29964,2023,9,England,NORTHAMPTONSHIRE,Wales,MID GLAMORGAN,6,880
29965,2023,9,England,NORTHAMPTONSHIRE,Wales,POWYS (NORTH & SOUTH),10,456
30009,2023,9,England,OXFORDSHIRE,England,SHROPSHIRE,1,88
30010,2023,9,England,OXFORDSHIRE,England,WARWICKSHIRE,40,910
30011,2023,9,England,OXFORDSHIRE,England,WILTSHIRE,5,55
30012,2023,9,England,OXFORDSHIRE,Wales,DYFED,2,269
30013,2023,9,England,OXFORDSHIRE,Wales,MID GLAMORGAN,6,729
30014,2023,9,England,OXFORDSHIRE,Wales,POWYS (NORTH & SOUTH),3,421
30068,2023,9,England,SUFFOLK,Wales,POWYS (NORTH & SOUTH),2,124
30069,2023,9,England,SURREY,England,DORSET,2,58
30084,2023,9,England,WEST SUSSEX,England,CORNWALL,2,245
30085,2023,9,England,WEST SUSSEX,England,DORSET,21,"1,287"
30210,2023,10,England,BERKSHIRE,England,DORSET,1,32
30213,2023,10,England,BERKSHIRE,England,WARWICKSHIRE,1,12
30214,2023,10,England,BERKSHIRE,England,WILTSHIRE,6,118
30216,2023,10,England,BUCKINGHAMSHIRE,England,DERBYSHIRE,3,80
30222,2023,10,England,BUCKINGHAMSHIRE,England,STAFFORDSHIRE,1,47
30223,2023,10,England,BUCKINGHAMSHIRE,England,WARWICKSHIRE,38,"1,589"
30224,2023,10,England,BUCKINGHAMSHIRE,England,WILTSHIRE,2,14
30225,2023,10,England,BUCKINGHAMSHIRE,Wales,DYFED,1,101
30226,2023,10,England,BUCKINGHAMSHIRE,Wales,MID GLAMORGAN,6,595
30227,2023,10,England,BUCKINGHAMSHIRE,Wales,POWYS (NORTH & SOUTH),1,155
30235,2023,10,England,CAMBRIDGESHIRE,England,WARWICKSHIRE,2,145
30311,2023,10,England,EAST SUSSEX,England,DORSET,6,520
30342,2023,10,England,HAMPSHIRE,England,DORSET,19,457
30346,2023,10,England,HAMPSHIRE,England,SOMERSET,2,30
30348,2023,10,England,HAMPSHIRE,England,WILTSHIRE,11,167
30349,2023,10,England,HAMPSHIRE,Wales,DYFED,1,169
30369,2023,10,England,HERTFORD,England,DERBYSHIRE,1,100
30374,2023,10,England,HERTFORD,England,WARWICKSHIRE,1,9
30375,2023,10,England,HERTFORD,Wales,MID GLAMORGAN,1,99
30376,2023,10,England,HUMBERSIDE,England,DORSET,1,74
30377,2023,10,England,HUMBERSIDE,England,DURHAM,1,1
30379,2023,10,England,HUMBERSIDE,England,LANCASHIRE,2,48
30380,2023,10,England,HUMBERSIDE,England,NORTH YORKSHIRE,4,22
30381,2023,10,England,HUMBERSIDE,England,SOUTH YORKSHIRE,15,47
30382,2023,10,England,HUMBERSIDE,England,WEST YORKSHIRE,5,33
30404,2023,10,England,LEICESTER,England,DERBYSHIRE,47,"1,779"
30408,2023,10,England,LEICESTER,England,SHROPSHIRE,9,858
30409,2023,10,England,LEICESTER,England,STAFFORDSHIRE,62,"1,655"
30410,2023,10,England,LEICESTER,England,WARWICKSHIRE,66,"3,079"
30411,2023,10,England,LEICESTER,England,WEST MIDLANDS,24,"1,553"
30412,2023,10,England,LEICESTER,Wales,DYFED,5,461
30413,2023,10,England,LEICESTER,Wales,POWYS (NORTH & SOUTH),21,"1,123"
30414,2023,10,England,LINCOLNSHIRE,England,DERBYSHIRE,5,286
30416,2023,10,England,LINCOLNSHIRE,England,LANCASHIRE,1,23
30419,2023,10,England,LINCOLNSHIRE,England,SOUTH YORKSHIRE,7,14
30420,2023,10,England,LINCOLNSHIRE,England,STAFFORDSHIRE,5,323
30421,2023,10,England,LINCOLNSHIRE,England,WARWICKSHIRE,11,"1,098"
30422,2023,10,England,LINCOLNSHIRE,Wales,POWYS (NORTH & SOUTH),1,40
30428,2023,10,England,NORFOLK,England,CORNWALL,2,277
30429,2023,10,England,NORFOLK,England,DERBYSHIRE,2,121
30431,2023,10,England,NORFOLK,England,WARWICKSHIRE,1,60
30432,2023,10,England,NORFOLK,Wales,DYFED,2,240
30433,2023,10,England,NORFOLK,Wales,POWYS (NORTH & SOUTH),1,106
30436,2023,10,England,NORTHAMPTONSHIRE,England,CORNWALL,11,"1,557"
30437,2023,10,England,NORTHAMPTONSHIRE,England,DERBYSHIRE,7,278
30438,2023,10,England,NORTHAMPTONSHIRE,England,DORSET,8,"2,219"
30442,2023,10,England,NORTHAMPTONSHIRE,England,LANCASHIRE,26,351
30446,2023,10,England,NORTHAMPTONSHIRE,England,SOMERSET,8,"1,869"
30447,2023,10,England,NORTHAMPTONSHIRE,England,STAFFORDSHIRE,8,572
30448,2023,10,England,NORTHAMPTONSHIRE,England,WARWICKSHIRE,88,"2,987"
30449,2023,10,England,NORTHAMPTONSHIRE,England,WEST MIDLANDS,13,"1,725"
30450,2023,10,England,NORTHAMPTONSHIRE,Wales,CLWYD,1,42
30451,2023,10,England,NORTHAMPTONSHIRE,Wales,MID GLAMORGAN,1,53
30452,2023,10,England,NORTHAMPTONSHIRE,Wales,POWYS (NORTH & SOUTH),4,138
30494,2023,10,England,OXFORDSHIRE,England,DERBYSHIRE,2,7
30499,2023,10,England,OXFORDSHIRE,England,STAFFORDSHIRE,1,2
30500,2023,10,England,OXFORDSHIRE,England,WARWICKSHIRE,57,"1,120"
30501,2023,10,England,OXFORDSHIRE,England,WEST MIDLANDS,1,185
30502,2023,10,England,OXFORDSHIRE,England,WILTSHIRE,7,31
30503,2023,10,England,OXFORDSHIRE,Wales,DYFED,2,98
30504,2023,10,England,OXFORDSHIRE,Wales,MID GLAMORGAN,3,446
30505,2023,10,England,OXFORDSHIRE,Wales,POWYS (NORTH & SOUTH),4,501
30557,2023,10,England,SUFFOLK,England,LANCASHIRE,1,36
30559,2023,10,England,SUFFOLK,Wales,DYFED,1,50
30560,2023,10,England,SUFFOLK,Wales,POWYS (NORTH & SOUTH),1,87
30561,2023,10,England,SURREY,England,CORNWALL,1,153
30562,2023,10,England,SURREY,England,DORSET,3,166
30578,2023,10,England,WEST SUSSEX,England,DORSET,19,"1,406"
30708,2023,11,England,BEDFORDSHIRE,England,WARWICKSHIRE,2,18
30711,2023,11,England,BERKSHIRE,England,WARWICKSHIRE,4,21
30712,2023,11,England,BERKSHIRE,England,WILTSHIRE,6,69
30713,2023,11,England,BERKSHIRE,Wales,DYFED,1,65
30714,2023,11,England,BERKSHIRE,Wales,MID GLAMORGAN,1,218
30715,2023,11,England,BERKSHIRE,Wales,POWYS (NORTH & SOUTH),1,75
30717,2023,11,England,BUCKINGHAMSHIRE,England,DERBYSHIRE,4,226
30723,2023,11,England,BUCKINGHAMSHIRE,England,STAFFORDSHIRE,1,43
30724,2023,11,England,BUCKINGHAMSHIRE,England,WARWICKSHIRE,32,"1,361"
30725,2023,11,England,BUCKINGHAMSHIRE,England,WILTSHIRE,2,12
30726,2023,11,England,BUCKINGHAMSHIRE,Wales,MID GLAMORGAN,6,585
30727,2023,11,England,BUCKINGHAMSHIRE,Wales,POWYS (NORTH & SOUTH),2,191
30735,2023,11,England,CAMBRIDGESHIRE,England,WARWICKSHIRE,2,51
30736,2023,11,England,CAMBRIDGESHIRE,Wales,DYFED,1,60
30816,2023,11,England,EAST SUSSEX,England,DORSET,7,827
30846,2023,11,England,HAMPSHIRE,England,CORNWALL,1,6
30847,2023,11,England,HAMPSHIRE,England,DORSET,29,388
30851,2023,11,England,HAMPSHIRE,England,WILTSHIRE,21,187
30852,2023,11,England,HAMPSHIRE,Wales,DYFED,1,82
30853,2023,11,England,HAMPSHIRE,Wales,POWYS (NORTH & SOUTH),2,292
30876,2023,11,England,HERTFORD,Wales,DYFED,1,26
30877,2023,11,England,HERTFORD,Wales,MID GLAMORGAN,1,7
30879,2023,11,England,HUMBERSIDE,England,LANCASHIRE,2,67
30881,2023,11,England,HUMBERSIDE,England,NORTH YORKSHIRE,1,9
30882,2023,11,England,HUMBERSIDE,England,SOUTH YORKSHIRE,11,75
30883,2023,11,England,HUMBERSIDE,England,WEST YORKSHIRE,1,12
30906,2023,11,England,LEICESTER,England,DERBYSHIRE,55,"1,977"
30907,2023,11,England,LEICESTER,England,LANCASHIRE,1,46
30911,2023,11,England,LEICESTER,England,NOTTINGHAMSHIRE,1,15
30912,2023,11,England,LEICESTER,England,SHROPSHIRE,11,930
30913,2023,11,England,LEICESTER,England,STAFFORDSHIRE,38,906
30914,2023,11,England,LEICESTER,England,WARWICKSHIRE,44,"2,501"
30915,2023,11,England,LEICESTER,England,WEST MIDLANDS,8,507
30916,2023,11,England,LEICESTER,Wales,CLWYD,1,11
30917,2023,11,England,LEICESTER,Wales,DYFED,3,165
30918,2023,11,England,LEICESTER,Wales,POWYS (NORTH & SOUTH),18,740
30919,2023,11,England,LINCOLNSHIRE,England,DERBYSHIRE,11,595
30921,2023,11,England,LINCOLNSHIRE,England,LANCASHIRE,2,101
30924,2023,11,England,LINCOLNSHIRE,England,SOUTH YORKSHIRE,5,20
30925,2023,11,England,LINCOLNSHIRE,England,STAFFORDSHIRE,10,726
30926,2023,11,England,LINCOLNSHIRE,England,WARWICKSHIRE,8,"1,334"
30927,2023,11,England,LINCOLNSHIRE,England,WEST YORKSHIRE,1,25
30928,2023,11,England,LINCOLNSHIRE,Wales,POWYS (NORTH & SOUTH),3,226
30935,2023,11,England,NORFOLK,Wales,DYFED,1,37
30936,2023,11,England,NORFOLK,Wales,POWYS (NORTH & SOUTH),1,166
30939,2023,11,England,NORTHAMPTONSHIRE,England,CORNWALL,11,"1,262"
30940,2023,11,England,NORTHAMPTONSHIRE,England,DERBYSHIRE,3,221
30941,2023,11,England,NORTHAMPTONSHIRE,England,DORSET,7,"1,110"
30945,2023,11,England,NORTHAMPTONSHIRE,England,LANCASHIRE,18,230
30948,2023,11,England,NORTHAMPTONSHIRE,England,SOMERSET,10,"1,941"
30949,2023,11,England,NORTHAMPTONSHIRE,England,STAFFORDSHIRE,13,696
30950,2023,11,England,NORTHAMPTONSHIRE,England,WARWICKSHIRE,70,"1,756"
30951,2023,11,England,NORTHAMPTONSHIRE,England,WEST MIDLANDS,20,"2,761"
30952,2023,11,England,NORTHAMPTONSHIRE,Wales,CLWYD,2,182
30953,2023,11,England,NORTHAMPTONSHIRE,Wales,MID GLAMORGAN,2,487
30954,2023,11,England,NORTHAMPTONSHIRE,Wales,POWYS (NORTH & SOUTH),3,133
30998,2023,11,England,OXFORDSHIRE,England,DERBYSHIRE,1,49
30999,2023,11,England,OXFORDSHIRE,England,DORSET,1,392
31003,2023,11,England,OXFORDSHIRE,England,STAFFORDSHIRE,1,1
31004,2023,11,England,OXFORDSHIRE,England,WARWICKSHIRE,44,"1,010"
31005,2023,11,England,OXFORDSHIRE,England,WEST MIDLANDS,2,621
31006,2023,11,England,OXFORDSHIRE,England,WILTSHIRE,6,32
31007,2023,11,England,OXFORDSHIRE,Wales,DYFED,2,113
31008,2023,11,England,OXFORDSHIRE,Wales,MID GLAMORGAN,2,355
31009,2023,11,England,OXFORDSHIRE,Wales,POWYS (NORTH & SOUTH),5,455
31060,2023,11,England,SUFFOLK,Wales,DYFED,2,126
31061,2023,11,England,SUFFOLK,Wales,POWYS (NORTH & SOUTH),2,788
31062,2023,11,England,SURREY,England,DORSET,4,257
31066,2023,11,England,SURREY,Wales,DYFED,1,160
31077,2023,11,England,WEST SUSSEX,England,DORSET,32,"2,064"
31205,2023,12,England,BEDFORDSHIRE,England,WARWICKSHIRE,1,15
31206,2023,12,England,BEDFORDSHIRE,Wales,POWYS (NORTH & SOUTH),2,322
31209,2023,12,England,BERKSHIRE,England,WILTSHIRE,6,36
31210,2023,12,England,BERKSHIRE,Wales,MID GLAMORGAN,5,680
31217,2023,12,England,BUCKINGHAMSHIRE,England,STAFFORDSHIRE,5,96
31218,2023,12,England,BUCKINGHAMSHIRE,England,WARWICKSHIRE,23,"1,225"
31219,2023,12,England,BUCKINGHAMSHIRE,England,WILTSHIRE,1,5
31220,2023,12,England,BUCKINGHAMSHIRE,Wales,MID GLAMORGAN,5,532
31221,2023,12,England,BUCKINGHAMSHIRE,Wales,POWYS (NORTH & SOUTH),4,413
31228,2023,12,England,CAMBRIDGESHIRE,England,WARWICKSHIRE,5,267
31306,2023,12,England,EAST SUSSEX,England,DORSET,8,419
31314,2023,12,England,ESSEX,Wales,POWYS (NORTH & SOUTH),1,10
31333,2023,12,England,HAMPSHIRE,England,CORNWALL,3,426
31334,2023,12,England,HAMPSHIRE,England,DORSET,19,"1,138"
31337,2023,12,England,HAMPSHIRE,England,SOMERSET,2,10
31339,2023,12,England,HAMPSHIRE,England,WILTSHIRE,6,54
31340,2023,12,England,HAMPSHIRE,Wales,POWYS (NORTH & SOUTH),4,471
31362,2023,12,England,HERTFORD,Wales,MID GLAMORGAN,3,170
31364,2023,12,England,HUMBERSIDE,England,LANCASHIRE,4,139
31366,2023,12,England,HUMBERSIDE,England,SOUTH YORKSHIRE,6,79
31386,2023,12,England,LEICESTER,England,DERBYSHIRE,34,"1,649"
31390,2023,12,England,LEICESTER,England,NOTTINGHAMSHIRE,2,30
31391,2023,12,England,LEICESTER,England,SHROPSHIRE,2,374
31392,2023,12,England,LEICESTER,England,STAFFORDSHIRE,29,930
31393,2023,12,England,LEICESTER,England,WARWICKSHIRE,47,"2,961"
31394,2023,12,England,LEICESTER,England,WEST MIDLANDS,15,772
31395,2023,12,England,LEICESTER,England,WEST YORKSHIRE,2,61
31396,2023,12,England,LEICESTER,Wales,CLWYD,2,75
31397,2023,12,England,LEICESTER,Wales,DYFED,2,166
31398,2023,12,England,LEICESTER,Wales,POWYS (NORTH & SOUTH),15,744
31399,2023,12,England,LINCOLNSHIRE,England,DERBYSHIRE,8,543
31403,2023,12,England,LINCOLNSHIRE,England,SOUTH YORKSHIRE,2,4
31404,2023,12,England,LINCOLNSHIRE,England,STAFFORDSHIRE,8,621
31405,2023,12,England,LINCOLNSHIRE,England,WARWICKSHIRE,12,"1,385"
31406,2023,12,England,LINCOLNSHIRE,Wales,POWYS (NORTH & SOUTH),4,412
31411,2023,12,England,NORFOLK,England,DERBYSHIRE,1,50
31416,2023,12,England,NORFOLK,Wales,MID GLAMORGAN,1,93
31417,2023,12,England,NORFOLK,Wales,POWYS (NORTH & SOUTH),4,781
31420,2023,12,England,NORTHAMPTONSHIRE,England,CHESHIRE,3,597
31421,2023,12,England,NORTHAMPTONSHIRE,England,CORNWALL,9,"1,108"
31422,2023,12,England,NORTHAMPTONSHIRE,England,DERBYSHIRE,5,256
31423,2023,12,England,NORTHAMPTONSHIRE,England,DORSET,7,"1,819"
31425,2023,12,England,NORTHAMPTONSHIRE,England,LANCASHIRE,13,243
31428,2023,12,England,NORTHAMPTONSHIRE,England,SOMERSET,7,"1,530"
31429,2023,12,England,NORTHAMPTONSHIRE,England,STAFFORDSHIRE,17,"1,409"
31430,2023,12,England,NORTHAMPTONSHIRE,England,WARWICKSHIRE,57,"1,980"
31431,2023,12,England,NORTHAMPTONSHIRE,England,WEST MIDLANDS,13,"1,617"
31432,2023,12,England,NORTHAMPTONSHIRE,England,WEST YORKSHIRE,1,118
31433,2023,12,England,NORTHAMPTONSHIRE,Wales,CLWYD,3,305
31434,2023,12,England,NORTHAMPTONSHIRE,Wales,MID GLAMORGAN,3,403
31435,2023,12,England,NORTHAMPTONSHIRE,Wales,POWYS (NORTH & SOUTH),3,181
31479,2023,12,England,OXFORDSHIRE,England,SHROPSHIRE,3,677
31480,2023,12,England,OXFORDSHIRE,England,WARWICKSHIRE,38,"1,607"
31481,2023,12,England,OXFORDSHIRE,England,WILTSHIRE,9,68
31482,2023,12,England,OXFORDSHIRE,Wales,CLWYD,1,2
31483,2023,12,England,OXFORDSHIRE,Wales,DYFED,1,30
31484,2023,12,England,OXFORDSHIRE,Wales,MID GLAMORGAN,5,789
31485,2023,12,England,OXFORDSHIRE,Wales,POWYS (NORTH & SOUTH),1,136
31539,2023,12,England,SUFFOLK,England,WARWICKSHIRE,1,94
31540,2023,12,England,SUFFOLK,Wales,POWYS (NORTH & SOUTH),3,452
31541,2023,12,England,SURREY,England,CORNWALL,3,385
31558,2023,12,England,WEST SUSSEX,England,DORSET,16,"1,916"
31562,2023,12,England,WEST SUSSEX,Wales,POWYS (NORTH & SOUTH),1,208
